,Unnamed: 0,Unnamed: 0.1,Unnamed: 0.1.1,user_tweets_count,user_friends_count,user_followers_count,retweet_count,reply_count,quote_count,favorite_count,family,tweet_count,num_tweets_with_sentiment,mean_sentiment_polarity,standard_deviation_sentiment_polarity,num_family_name_google_scholar_results,num_family_name_cited_by_in_first_20_results,num_family_name_google_search_results
0,0,0,0,7196,1048,21575,2,0,0,26,Archaeognatha,2,1,0.0,0.0,2390,388,112000
1,1,1,1,151469,6487,29757,1,9,1,32,Blaberidae,15,3,0.05333333333333334,0.09237604307034013,3880,784,160000
2,2,2,2,0,0,0,0,0,0,0,Ectobiidae,0,0,,,786,106,62000
3,3,3,3,375846,7042,8119,1,4,0,10,Blattidae,12,5,0.125,0.2331844763272204,11300,1065,277000
4,4,4,4,30854,1232,255,0,0,0,0,Cryptocercidae,1,0,,,1190,756,17900
5,5,5,5,28,10,4,0,0,0,0,Nocticolidae,1,1,0.0,0.0,256,259,8410
6,6,6,6,0,0,0,0,0,0,0,Corydiidae,0,0,,,310,137,9000
7,7,7,7,0,0,0,0,0,0,0,Amphizoidae,0,0,,,954,404,55100
8,8,8,8,38,215,34,0,0,0,3,Aspidytidae,1,1,0.0,0.0,339,343,7430
9,9,9,9,1362038,81976,361260,129,61,15,885,Carabidae,113,81,0.16331606964708814,0.226270683573969,131000,8107,1540000
10,10,10,10,649415,23883,66522,32,21,5,270,Dytiscidae,33,27,0.1677235316124205,0.26472546233414834,25700,2859,465000
11,11,11,11,25520,3575,23347,12,5,2,133,Gyrinidae,10,7,0.03609976333190619,0.14278334608313395,10900,829,201000
12,12,12,12,7629,646,547,1,0,0,26,Haliplidae,3,2,0.5681818181818181,0.6106831292065638,7960,429,130000
13,13,13,13,0,0,0,0,0,0,0,Hygrobiidae,0,0,,,2110,749,37100
14,14,14,14,72,92,13,0,0,0,0,Noteridae,1,1,1.0,0.0,4680,557,96800
15,15,15,15,0,0,0,0,0,0,0,Trachypachidae,0,0,,,1640,720,32400
16,16,16,16,0,0,0,0,0,0,0,Cupedidae,0,0,,,891,418,126000
17,17,17,17,0,0,0,0,0,0,0,Micromalthidae,0,0,,,477,283,20400
18,18,18,18,0,0,0,0,0,0,0,Ommatidae,0,0,,,319,324,10600
19,19,19,19,16161,1197,4680,16,0,2,40,Lepiceridae,4,4,0.08920454545454548,0.07814514203160995,230,297,7760
20,20,20,20,24836,1712,1240,17,1,3,55,Hydroscaphidae,4,1,0.13636363636363635,0.0,747,327,21200
21,21,21,21,12245,1018,649,0,0,0,7,Sphaeriusidae,2,0,,,444,134,18400
22,22,22,22,11885,466,251,0,0,0,0,Torridincolidae,1,0,,,356,286,16400
23,23,23,23,0,0,0,0,0,0,0,Aderidae,0,0,,,1130,153,158000
24,24,24,24,0,0,0,0,0,0,0,Agyrtidae,0,0,,,900,304,28000
25,25,25,25,0,0,0,0,0,0,0,Alexiidae,0,0,,,186,588,15600
26,26,26,26,420436,6354,50351,0,3,0,38,Anobiidae,10,4,0.12083333333333332,0.12720281268728126,10400,1402,291000
27,27,27,27,19490,907,1652,0,2,0,4,Anthicidae,2,2,0.0875,0.30052038200428266,5030,344,252000
28,28,28,28,200166,7858,24384,17,4,3,118,Anthribidae,13,10,0.09333333333333332,0.24129281427805144,5310,733,244000
29,29,29,29,0,0,0,0,0,0,0,Artematopodidae,0,0,,,173,93,23300
30,30,30,30,87336,4285,11998,0,2,0,6,Attelabidae,3,1,0.0,0.0,3740,790,119000
31,31,31,31,178789,8574,10078,0,3,0,3,Belidae,8,0,,,984,306,29100
32,32,32,32,0,0,0,0,0,0,0,Biphyllidae,0,0,,,721,82,127000
33,33,33,33,0,0,0,0,0,0,0,Boridae,0,0,,,714,147,23800
34,34,34,34,7197,2,136,0,0,0,0,Bostrichidae,1,1,0.06818181818181818,0.0,11200,1989,163000
35,35,35,35,360,552,398,0,0,1,39,Bothrideridae,1,1,0.0,0.0,1110,417,141000
36,36,36,36,0,0,0,0,0,0,0,Brachyceridae,0,0,,,568,205,25500
37,37,37,37,112392,3795,21432,25,4,1,141,Brentidae,10,2,0.0,0.0,3540,728,111000
38,38,38,38,970751,13536,181102,22,17,2,199,Buprestidae,30,17,0.15045306001188355,0.20822876287270176,22700,2457,502000
39,39,39,39,10168,1989,4925,0,1,0,6,Byrrhidae,3,2,-0.03333333333333333,0.04714045207910317,2830,633,62700
40,40,40,40,37980,2583,2538,1,0,0,6,Byturidae,1,1,0.16666666666666666,0.0,1130,233,45800
41,41,41,41,0,0,0,0,0,0,0,Callirhipidae,0,0,,,217,256,22400
42,42,42,42,846051,12304,48057,10,7,1,35,Cantharidae,18,7,-0.03123376623376623,0.09150195689595897,8680,407,301000
43,43,43,43,21124,55,154,0,0,0,0,Cephaloidae,1,1,0.0,0.0,317,152,7260
44,44,44,44,2906417,63967,1214306,214,115,16,2275,Cerambycidae,156,72,0.08812409812409812,0.13658737904884066,73800,4328,1830000
45,45,45,45,0,0,0,0,0,0,0,Ceratocanthidae,0,0,,,382,152,17400
46,46,46,46,720,1104,796,2,1,0,47,Cerylonidae,2,0,,,1310,207,230000
47,47,47,47,0,0,0,0,0,0,0,Chelonariidae,0,0,,,331,250,12900
48,48,48,48,1254388,79536,600431,173,61,20,1132,Chrysomelidae,112,67,0.07183078115913936,0.20499140289528286,149000,3706,1160000
49,49,49,49,3000,3624,4074,4,2,0,31,Ciidae,2,1,0.3024739583333333,0.0,2230,485,166000
50,50,50,50,6764,516,688,0,0,0,3,Clambidae,1,1,1.0,0.0,1320,348,256000
51,51,51,51,164710,7550,12080,13,8,1,138,Cleridae,12,8,0.011616161616161613,0.09972094008399432,9110,920,356000
52,52,52,52,6945660,114285,785329,98,61,16,721,Coccinellidae,105,36,0.07419401354818021,0.20298603968409826,74000,6890,1150000
53,53,53,53,8410,3809,4913,2,4,0,9,Corylophidae,2,2,0.22123697916666668,0.1148864377037206,2020,389,171000
54,54,54,54,32755,3601,4842,2,4,1,10,Cryptophagidae,6,5,0.14231297348484848,0.10725053301298937,4510,343,206000
55,55,55,55,7882,550,895,0,0,0,0,Cucujidae,2,1,0.05568181818181818,0.0,7120,1165,132000
56,56,56,56,4429415,31621,509066,129,41,19,907,Curculionidae,95,54,0.10465838945005612,0.1823599645011692,208000,4666,1640000
57,57,57,57,0,0,0,0,0,0,0,Dascillidae,0,0,,,1050,251,26500
58,58,58,58,266846,16416,68571,6,10,0,26,Dermestidae,24,12,0.10711880711880713,0.13723612490893886,14400,1639,389000
59,59,59,59,0,0,0,0,0,0,0,Derodontidae,0,0,,,1300,990,31000
60,60,60,60,0,0,0,0,0,0,0,Discolomatidae,0,0,,,115,661,9090
61,61,61,61,2332,1014,1869,0,1,0,4,Drilidae,1,0,,,980,247,28000
62,62,62,62,0,0,0,0,0,0,0,Dryopidae,0,0,,,5540,313,73700
63,63,63,63,385010,22911,335901,22,33,4,418,Elateridae,32,19,0.1637824018087176,0.22504502895141565,27100,1636,611000
64,64,64,64,34936,2517,1814,3,0,0,79,Elmidae,6,3,0.0,0.0,12300,828,128000
65,65,65,65,16332,4469,9726,53,5,9,254,Endomychidae,5,3,0.27026909722222225,0.2474103728366441,2920,452,203000
66,66,66,66,0,0,0,0,0,0,0,Epimetopidae,0,0,,,200,425,8640
67,67,67,67,194696,5998,118517,22,11,2,226,Erotylidae,12,3,0.19606274801587303,0.17000197800680494,3710,644,562000
68,68,68,68,0,0,0,0,0,0,0,Eucinetidae,0,0,,,738,135,49800
69,69,69,69,6930,1432,1849,0,1,0,4,Eucnemidae,2,2,0.11071428571428572,0.15657364440559268,2430,362,210000
70,70,70,70,0,0,0,0,0,0,0,Eulichadidae,0,0,,,240,227,7570
71,71,71,71,360,552,398,0,0,0,7,Georissidae,1,0,,,924,257,34800
72,72,72,72,84810,6944,9337,6,7,1,48,Geotrupidae,10,7,-0.059300595238095236,0.16341567504282564,4680,734,123000
73,73,73,73,0,0,0,0,0,0,0,Glaphyridae,0,0,,,715,279,40400
74,74,74,74,0,0,0,0,0,0,0,Glaresidae,0,0,,,386,204,21300
75,75,75,75,0,0,0,0,0,0,0,Helophoridae,0,0,,,2110,306,26500
76,76,76,76,1188,109,555,0,0,0,2,Helotidae,1,0,,,182,179,8540
77,77,77,77,13961,518,824,0,0,0,1,Heteroceridae,2,2,0.06818181818181818,0.09642365197998376,2560,305,43100
78,78,78,78,96390,5526,12921,1,10,2,34,Histeridae,14,10,0.027310606060606056,0.09911229323982992,11500,792,325000
79,79,79,79,8268,2325,3885,20,1,5,113,Hybosoridae,4,2,-0.01988636363636364,0.0281235651608286,1120,299,140000
80,80,80,80,6863,1102,3027,1,0,0,14,Hydraenidae,2,2,0.13636363636363635,0.0,6530,739,231000
81,81,81,81,6116,964,2880,0,0,0,13,Hydrochidae,1,1,0.0,0.0,2110,250,27700
82,82,82,82,226368,11623,49488,13,4,2,138,Hydrophilidae,15,11,0.14326790633608816,0.2886324037800573,18900,1182,385000
83,83,83,83,0,0,0,0,0,0,0,Ithyceridae,0,0,,,208,164,14000
84,84,84,84,7197,2,136,0,0,0,0,Kateretidae,1,1,0.13636363636363635,0.0,864,455,31600
85,85,85,85,7197,2,136,0,0,0,0,Laemophloeidae,1,1,0.05568181818181818,0.0,1700,522,147000
86,86,86,86,1838319,48012,128451,63,156,4,436,Lampyridae,191,39,0.13461281773781775,0.23223259213165756,8460,1488,492000
87,87,87,87,0,0,0,0,0,0,0,Languriidae,0,0,,,1160,348,126000
88,88,88,88,30461,5645,4168,0,4,0,17,Latridiidae,3,3,0.33125,0.3846162860566359,2110,211,60500
89,89,89,89,52665,8065,13362,8,2,0,20,Leiodidae,10,8,0.07616151751893939,0.10781733129188377,5580,620,245000
90,90,90,90,7917,1106,932,1,0,0,15,Limnichidae,3,2,0.06818181818181818,0.09642365197998376,1670,266,145000
91,91,91,91,4041043,50988,91142,317,126,16,910,Lucanidae,247,45,0.03103823953823953,0.08964766113135574,8260,906,532000
92,92,92,92,0,0,0,0,0,0,0,Lutrochidae,0,0,,,636,273,9600
93,93,93,93,3761899,30715,110096,53,45,6,655,Lycidae,45,3,0.07142857142857142,0.12371791482634838,3430,783,236000
94,94,94,94,7197,2,136,0,0,0,0,Lymexylidae,1,1,0.13636363636363635,0.0,1030,207,34300
95,95,95,95,0,0,0,0,0,0,0,Mauroniscidae,0,0,,,39,934,7500
96,96,96,96,0,0,0,0,0,0,0,Melandryidae,0,0,,,2750,398,186000
97,97,97,97,257888,12598,118203,37,16,6,406,Meloidae,18,5,0.4563690476190476,0.3700844450350705,9920,1305,313000
98,98,98,98,29716,5096,18513,2,1,0,44,Melyridae,7,4,-0.02083333333333333,0.04166666666666666,4080,245,209000
99,99,99,99,3229202,277628,525801,29,195,7,723,Monotomidae,261,216,0.19807870387767668,0.2989008237211699,1440,138,45200
100,100,100,100,63226,475,3194,0,1,0,1,Mordellidae,2,1,0.0,0.0,4340,288,270000
101,101,101,101,35320,3616,8185,2,1,0,17,Mycetophagidae,4,4,0.16747455018939394,0.12513890003670022,2990,318,219000
102,102,102,102,54864,809,7434,0,0,0,1,Nemonychidae,2,0,,,1360,558,38500
103,103,103,103,163920,11217,37741,27,13,0,157,Nitidulidae,19,15,0.11347474747474745,0.09607564743333544,15400,1397,360000
104,104,104,104,0,0,0,0,0,0,0,Nosodendridae,0,0,,,600,611,123000
105,105,105,105,0,0,0,0,0,0,0,Ochodaeidae,0,0,,,608,169,23700
106,106,106,106,55981,5052,5028,2,5,0,29,Oedemeridae,7,4,0.24375,0.37989856102210573,3910,513,263000
107,107,107,107,0,0,0,0,0,0,0,Omalisidae,0,0,,,323,128,15200
108,108,108,108,0,0,0,0,0,0,0,Omethidae,0,0,,,278,341,11800
109,109,109,109,0,0,0,0,0,0,0,Orsodacnidae,0,0,,,508,325,58000
110,110,110,110,12617,3071,2618,0,1,0,0,Passalidae,2,2,0.08333333333333334,0.11785113019775792,3970,735,244000
111,111,111,111,0,0,0,0,0,0,0,Passandridae,0,0,,,415,209,16800
112,112,112,112,0,0,0,0,0,0,0,Perimylopidae,0,0,,,274,320,9420
113,113,113,113,77054,2206,5985,0,4,0,0,Phalacridae,4,3,0.04882154882154882,0.08456140306312697,2450,240,141000
114,114,114,114,154261,13541,128175,990,46,108,4421,Phengodidae,11,7,0.26352813852813856,0.2582101622044913,1120,368,49800
115,115,115,115,0,0,0,0,0,0,0,Phloeostichidae,0,0,,,220,323,31900
116,116,116,116,0,0,0,0,0,0,0,Phloiophilidae,0,0,,,184,267,24200
117,117,117,117,395,71,21,0,0,0,0,Pleocomidae,1,1,0.0,0.0,234,292,17800
118,118,118,118,430,640,626,1,0,1,23,Prionoceridae,2,1,0.1875,0.0,211,132,18700
119,119,119,119,0,0,0,0,0,0,0,Propalticidae,0,0,,,108,95,180000
120,120,120,120,0,0,0,0,0,0,0,Prostomidae,0,0,,,385,105,166000
121,121,121,121,0,0,0,0,0,0,0,Protocucujidae,0,0,,,124,364,9070
122,122,122,122,226,410,229,0,0,0,0,Psephenidae,1,1,0.0,0.0,4270,348,52500
123,123,123,123,42200,2410,8686,13,3,2,41,Ptiliidae,8,8,0.2650804924242424,0.3479987307024767,3180,627,185000
124,124,124,124,0,0,0,0,0,0,0,Ptilodactylidae,0,0,,,1930,269,149000
125,125,125,125,46573,5248,14127,6,7,2,42,Ptinidae,9,8,0.21605113636363635,0.2159402211836702,4100,659,137000
126,126,126,126,111965,3196,3253,0,3,0,7,Pyrochroidae,3,3,0.058333333333333334,0.19418633662885074,1920,371,73400
127,127,127,127,7197,2,136,0,0,0,0,Pythidae,1,1,0.0909090909090909,0.0,1230,371,56900
128,128,128,128,0,0,0,0,0,0,0,Rhipiceridae,0,0,,,446,156,123000
129,129,129,129,720,1104,796,9,0,3,56,Ripiphoridae,2,0,,,554,276,33600
130,130,130,130,0,0,0,0,0,0,0,Salpingidae,0,0,,,1650,230,143000
131,131,131,131,1945725,50353,320522,522,61,43,1952,Scarabaeidae,113,66,0.09026802112029383,0.15268014421922266,83600,3925,1340000
132,132,132,132,67124,1873,7520,0,2,0,3,Scirtidae,6,4,0.09659090909090907,0.12079711150834828,4730,240,172000
133,133,133,133,12836,1216,2617,0,2,0,1,Scraptiidae,2,1,-0.4000000000000001,0.0,1490,213,170000
134,134,134,134,0,0,0,0,0,0,0,Scydmaenidae,0,0,,,3270,715,151000
135,135,135,135,681352,48487,78639,48,25,7,268,Silphidae,34,29,0.23725045767610425,0.2943751148221377,11600,1834,288000
136,136,136,136,17827,1101,1063,2,0,0,15,Silvanidae,5,4,0.20426136363636366,0.2860242923832403,5150,863,207000
137,137,137,137,0,0,0,0,0,0,0,Spercheidae,0,0,,,1080,271,43000
138,138,138,138,0,0,0,0,0,0,0,Sphaeritidae,0,0,,,732,234,42300
139,139,139,139,2640,3072,3676,2,1,0,3,Sphindidae,1,1,0.3024739583333333,0.0,1000,284,163000
140,140,140,140,1007541,63083,490826,112,78,16,1392,Staphylinidae,141,103,0.10943606487902603,0.1797501912240366,70400,3420,949000
141,141,141,141,0,0,0,0,0,0,0,Synchroidae,0,0,,,156,148,8460
142,142,142,142,421242,13234,264122,65,23,9,445,Tenebrionidae,45,22,0.0514694018103109,0.1261987842219635,64400,3783,682000
143,143,143,143,7197,2,136,0,0,0,0,Tetratomidae,1,1,0.13636363636363635,0.0,861,166,36000
144,144,144,144,5568,681,1025,0,1,0,0,Throscidae,1,1,0.22142857142857145,0.0,1700,284,233000
145,145,145,145,7197,2,136,0,0,0,0,Trictenotomidae,1,1,0.13636363636363635,0.0,182,59,26500
146,146,146,146,19474,288,88,0,3,0,14,Trogossitidae,2,2,0.0,0.0,1680,263,188000
147,147,147,147,37872,244,83168,6,3,0,33,Zopheridae,1,0,,,1570,380,170000
148,148,148,148,0,0,0,0,0,0,0,Bourletiellidae,0,0,,,462,111,10500
149,149,149,149,0,0,0,0,0,0,0,Brachystomellidae,0,0,,,577,444,11600
150,150,150,150,2404,149,140,0,0,0,1,Dicyrtomidae,1,1,0.19,0.0,574,76,12800
151,151,151,151,103781,6949,11221,1,4,0,13,Entomobryidae,6,6,0.0853219696969697,0.20046833616583049,5610,877,54200
152,152,152,152,625,540,149,0,1,0,1,Hypogastruridae,1,1,0.5416666666666666,0.0,3210,903,35800
153,153,153,153,0,0,0,0,0,0,0,Isotomidae,0,0,,,6900,1899,67900
154,154,154,154,5383,1102,1689,0,3,0,6,Katiannidae,2,2,-0.125,0.1767766952966369,429,545,14600
155,155,155,155,11577,1504,5069,2,0,0,5,Neanuridae,1,1,0.13636363636363635,0.0,2320,383,33300
156,156,156,156,0,0,0,0,0,0,0,Neelidae,0,0,,,840,708,31000
157,157,157,157,0,0,0,0,0,0,0,Odontellidae,0,0,,,531,215,22100
158,158,158,158,0,0,0,0,0,0,0,Oncopoduridae,0,0,,,362,657,19500
159,159,159,159,0,0,0,0,0,0,0,Onychiuridae,0,0,,,3610,1178,171000
160,160,160,160,0,0,0,0,0,0,0,Paronellidae,0,0,,,744,208,11100
161,161,161,161,0,0,0,0,0,0,0,Poduridae,0,0,,,1550,654,58300
162,162,162,162,0,0,0,0,0,0,0,Sminthuridae,0,0,,,3430,801,85000
163,163,163,163,7197,2,136,0,0,0,0,Tomoceridae,1,1,0.13636363636363635,0.0,1510,386,21500
164,164,164,164,0,0,0,0,0,0,0,Tullbergiidae,0,0,,,382,106,10100
165,165,165,165,4238,135,11056,2,2,0,14,Anisolabididae,1,0,,,685,192,17400
166,166,166,166,0,0,0,0,0,0,0,Apachyidae,0,0,,,113,494,2800
167,167,167,167,0,0,0,0,0,0,0,Chelisochidae,0,0,,,418,138,24400
168,168,168,168,7034,426,21184,0,1,0,3,Forficulidae,2,1,0.1,0.0,5200,821,135000
169,169,169,169,0,0,0,0,0,0,0,Labiduridae,0,0,,,1940,435,93400
170,170,170,170,0,0,0,0,0,0,0,Labiidae,0,0,,,683,148,24100
171,171,171,171,0,0,0,0,0,0,0,Pygidicranidae,0,0,,,512,307,29500
172,172,172,172,69015,117,363,1,0,0,6,Campodeidae,3,1,0.13636363636363635,0.0,1180,216,58500
173,173,173,173,0,0,0,0,0,0,0,Japygidae,0,0,,,885,102,59500
174,174,174,174,0,0,0,0,0,0,0,Parajapygidae,0,0,,,102,44,18300
175,175,175,175,0,0,0,0,0,0,0,Projapygoidea,0,0,,,50,481,1300
176,176,176,176,32751,349,1365,4,0,0,19,Acartophthalmidae,2,2,0.18409090909090908,0.2603438603459561,263,103,40800
177,177,177,177,186199,15112,145690,326,28,56,1363,Acroceridae,14,9,0.21263888888888888,0.4084802031786717,1250,318,92700
178,178,178,178,127707,6864,20094,10,3,1,48,Agromyzidae,10,6,0.06365079365079365,0.06967590451831936,19000,3032,274000
179,179,179,179,27886,78,1331,0,1,0,0,Anisopodidae,1,1,0.3357142857142857,0.0,1670,246,39400
180,180,180,180,148898,11041,63296,1,6,0,13,Anthomyiidae,9,9,-0.0006613756613756482,0.2661314190860255,12700,1303,229000
181,181,181,181,118,15,254,2,0,0,7,Anthomyzidae,1,1,0.65,0.0,762,240,23300
182,182,182,182,0,0,0,0,0,0,0,Apioceridae,0,0,,,399,188,61700
183,183,183,183,0,0,0,0,0,0,0,Apsilocephalidae,0,0,,,104,220,11000
184,184,184,184,863332,49974,97309,169,37,11,627,Asilidae,71,48,0.2944243401274652,0.3602368171166786,9450,947,565000
185,185,185,185,0,0,0,0,0,0,0,Asteiidae,0,0,,,632,170,50400
186,186,186,186,0,0,0,0,0,0,0,Atelestidae,0,0,,,380,66,18200
187,187,187,187,0,0,0,0,0,0,0,Athericidae,0,0,,,2900,362,40600
188,188,188,188,0,0,0,0,0,0,0,Aulacigastridae,0,0,,,404,188,43100
189,189,189,189,0,0,0,0,0,0,0,Australimyzidae,0,0,,,53,572,8120
190,190,190,190,0,0,0,0,0,0,0,Austroleptidae,0,0,,,47,603,7710
191,191,191,191,0,0,0,0,0,0,0,Axymyiidae,0,0,,,272,252,12500
192,192,192,192,801740,48186,169042,29,39,1,193,Bibionidae,46,37,0.20657964782964786,0.22542532239810226,4650,783,430000
193,193,193,193,0,0,0,0,0,0,0,Blephariceridae,0,0,,,2280,303,34400
194,194,194,194,859354,64019,103621,36,40,1,366,Bombyliidae,76,55,0.29732189754689753,0.3652480440658984,6070,1008,368000
195,195,195,195,0,0,0,0,0,0,0,Braulidae,0,0,,,406,104,22000
196,196,196,196,703683,24093,94718,21,18,0,106,Calliphoridae,30,15,0.12212121212121213,0.1380401985609003,35400,4151,621000
197,197,197,197,0,0,0,0,0,0,0,Canthyloscelidae,0,0,,,150,72,27700
198,198,198,198,20093715,179082,173330,6313,340,45,19585,Carnidae,490,433,0.10493848966820964,0.2994816280716163,826,329,28800
199,199,199,199,157554,4282,8483,5,2,0,24,Cecidomyiidae,12,7,0.3151780560709132,0.2726492105520835,27500,1992,352000
200,200,200,200,100705,9078,4819,20,6,1,85,Ceratopogonidae,14,7,0.037012987012987004,0.21161891673224667,32500,2732,478000
201,201,201,201,4330,482,374,0,1,0,1,Chaoboridae,1,1,0.3,0.0,6140,1214,67200
202,202,202,202,1315569,18605,132068,20,22,0,113,Chironomidae,32,25,0.05869323593073592,0.08661820748802224,109000,6532,1070000
203,203,203,203,100503,6875,45184,11,15,1,144,Chloropidae,11,5,0.25906250000000003,0.06617617414376233,8350,924,121000
204,204,204,204,1803,124,66,0,0,0,12,Chyromyidae,1,1,0.0,0.0,374,131,46200
205,205,205,205,0,0,0,0,0,0,0,Clusiidae,0,0,,,895,213,29400
206,206,206,206,0,0,0,0,0,0,0,Coelopidae,0,0,,,881,487,22400
207,207,207,207,233136,13198,49878,21,8,2,82,Conopidae,14,8,0.22679924242424246,0.24928236811337146,3260,456,221000
208,208,208,208,0,0,0,0,0,0,0,Corethrellidae,0,0,,,623,387,11700
209,209,209,209,2347500,47001,209900,165,46,12,397,Culicidae,147,109,-0.01415502502085071,0.18002320488948528,218000,7079,1480000
210,210,210,210,0,0,0,0,0,0,0,Deuterophlebiidae,0,0,,,466,304,11300
211,211,211,211,28183,851,549,0,1,0,0,Diadocidiidae,1,1,0.0,0.0,721,267,20000
212,212,212,212,56427,2862,18590,61,19,11,414,Diopsidae,5,4,0.08443452380952382,0.09751317211447726,1980,1613,66100
213,213,213,213,0,0,0,0,0,0,0,Dixidae,0,0,,,4170,234,47900
214,214,214,214,306908,7784,22432,9,3,0,21,Dolichopodidae,15,9,0.1210906685906686,0.12149793285664867,11600,831,335000
215,215,215,215,271492,5090,126309,2,3,2,41,Drosophilidae,11,9,0.28030303030303033,0.3145335578996229,36400,3925,643000
216,216,216,216,18946,3878,3262,0,2,0,1,Dryomyzidae,2,2,0.013988095238095244,0.16120351023479032,746,279,29700
217,217,217,217,194818,13229,36217,6,16,0,66,Empididae,26,22,0.3890002295684114,0.3417072502858824,11600,883,188000
218,218,218,218,162344,1625,1276,0,0,0,1,Ephydridae,3,3,-0.1,0.17320508075688773,8840,1187,196000
219,219,219,219,434,32,22,0,0,0,0,Fanniidae,1,1,0.28200000000000003,0.0,3290,594,62300
220,220,220,220,0,0,0,0,0,0,0,Fergusoninidae,0,0,,,275,424,7520
221,221,221,221,72481,3221,1838,6,0,0,8,Glossinidae,3,2,0.0,0.0,11900,2884,88400
222,222,222,222,0,0,0,0,0,0,0,Helcomyzidae,0,0,,,326,335,27400
223,223,223,223,0,0,0,0,0,0,0,Helosciomyzidae,0,0,,,73,283,8450
224,224,224,224,0,0,0,0,0,0,0,Hesperinidae,0,0,,,141,109,16500
225,225,225,225,0,0,0,0,0,0,0,Heterocheilidae,0,0,,,708,330,21100
226,226,226,226,0,0,0,0,0,0,0,Hilarimorphidae,0,0,,,171,347,34100
227,227,227,227,33697,1455,5013,2,1,0,1,Hippoboscidae,3,3,0.16574074074074074,0.13688693394089793,5410,1230,128000
228,228,228,228,81051,4001,13183,0,2,0,5,Hybotidae,6,6,0.01772727272727272,0.21982243021686,1630,278,60800
229,229,229,229,205975,6661,4507,1,1,2,11,Keroplatidae,9,4,0.06818181818181818,0.07872958216222169,1460,454,51200
230,230,230,230,79028,2635,9179,12,2,0,53,Lauxaniidae,5,4,0.17140151515151514,0.19951193029635725,2290,447,177000
231,231,231,231,15541,2913,3893,0,1,0,2,Lonchaeidae,2,2,0.09375,0.13258252147247765,3080,563,52800
232,232,232,232,52002,2230,5520,6,3,0,67,Lonchopteridae,2,0,,,1160,193,71500
233,233,233,233,28183,851,549,0,1,0,0,Lygistorrhinidae,1,1,0.0,0.0,219,134,6500
234,234,234,234,0,0,0,0,0,0,0,Marginidae,0,0,,,33,661,5360
235,235,235,235,146596,4427,100711,3,6,1,69,Micropezidae,10,3,0.11481481481481486,0.19886509272087116,1580,261,55700
236,236,236,236,25,13,8,0,0,0,1,Milichiidae,1,1,0.16,0.0,1620,323,45900
237,237,237,237,555606,15438,31430,13,6,0,46,Muscidae,32,17,0.20360007639419408,0.2657045582178457,56200,3602,624000
238,238,238,238,184407,6588,6265,5,2,0,29,Mycetophilidae,9,5,0.04026785714285714,0.17510940912988174,7140,978,303000
239,239,239,239,39960,4426,39121,20,19,2,340,Mydidae,6,4,0.4358723958333333,0.18909554240931006,806,145,37700
240,240,240,240,143,212,81,0,1,0,2,Mythicomyiidae,1,1,0.225,0.0,278,246,20300
241,241,241,241,3390,134,125,0,0,0,0,Nemestrinidae,1,0,,,1360,436,29100
242,242,242,242,0,0,0,0,0,0,0,Neurochaetidae,0,0,,,125,255,11000
243,243,243,243,116390,5145,3865,1,5,1,20,Nycteribiidae,4,4,0.0072916666666666815,0.4321347606810737,2370,948,81400
244,244,244,244,0,0,0,0,0,0,0,Odiniidae,0,0,,,508,153,25000
245,245,245,245,48568,1182,47415,3,5,0,28,Oestridae,2,2,0.15,0.6363961030678927,6640,1010,130000
246,246,246,246,0,0,0,0,0,0,0,Opomyzidae,0,0,,,923,116,58000
247,247,247,247,13206,1779,4637,1,0,0,10,Pachyneuridae,1,1,0.20833333333333331,0.0,291,166,27600
248,248,248,248,129,106,69,0,2,0,2,Pallopteridae,1,1,0.31,0.0,632,193,59400
249,249,249,249,0,0,0,0,0,0,0,Pelecorhynchidae,0,0,,,267,303,9860
250,250,250,250,0,0,0,0,0,0,0,Periscelididae,0,0,,,407,179,46800
251,251,251,251,0,0,0,0,0,0,0,Perissommatidae,0,0,,,103,455,8420
252,252,252,252,71060,3820,45044,1,4,0,55,Phoridae,10,4,-0.014346590909090913,0.13578267579661113,15800,2596,309000
253,253,253,253,0,0,0,0,0,0,0,Piophilidae,0,0,,,2300,772,51000
254,254,254,254,2017,20,103,0,0,0,0,Pipunculidae,1,1,0.0909090909090909,0.0,2740,567,248000
255,255,255,255,0,0,0,0,0,0,0,Platypezidae,0,0,,,1500,251,54700
256,256,256,256,19820,3568,7467,1,0,1,7,Platystomatidae,1,1,0.30625,0.0,1150,273,167000
257,257,257,257,0,0,0,0,0,0,0,Pleciidae,0,0,,,116,45,17600
258,258,258,258,2268,868,7136,10,1,1,70,Psilidae,1,1,0.11856060606060605,0.0,1900,372,44000
259,259,259,259,297385,15901,70311,41,16,6,247,Psychodidae,24,11,0.1638372359963269,0.3758023047047618,39500,4189,603000
260,260,260,260,12299,4731,3654,1,4,0,14,Ptychopteridae,5,3,0.0,0.0,1760,254,40600
261,261,261,261,8019,371,3311,2,0,0,9,Pyrgotidae,1,1,0.26875000000000004,0.0,638,133,32400
262,262,262,262,258518,6105,3202,0,0,0,1,Rhagionidae,5,2,0.0,0.0,3310,354,232000
263,263,263,263,84549,2553,1647,0,0,0,7,Rhinophoridae,3,2,0.25,0.0,880,450,36700
264,264,264,264,28183,851,549,0,0,0,3,Richardiidae,1,0,,,478,154,14000
265,265,265,265,495899,30067,63298,51,26,9,244,Sarcophagidae,37,27,0.3565352433060767,0.3192808145892717,23500,2631,442000
266,266,266,266,128283,7879,12585,18,5,0,90,Scathophagidae,6,5,0.2815,0.19904145296897327,2260,677,58000
267,267,267,267,34405,598,46457,0,1,0,1,Scatopsidae,1,0,,,2110,342,49900
268,268,268,268,177914,3,56,0,0,0,0,Scenopinidae,1,0,,,914,327,72600
269,269,269,269,0,0,0,0,0,0,0,Sciardoceridae,0,0,,,0,0,2
270,270,270,270,381192,5092,104909,4,9,0,46,Sciaridae,16,8,-0.015719696969696974,0.27316117620686403,11300,1369,227000
271,271,271,271,225838,10585,45927,1,6,0,34,Sciomyzidae,11,8,0.16605113636363636,0.17705738200240806,4150,879,95900
272,272,272,272,150858,5982,13110,14,6,0,54,Sepsidae,6,4,0.3111607142857143,0.3508901645089682,4150,1276,135000
273,273,273,273,392742,22761,80713,12,19,3,128,Simuliidae,26,15,0.1172276735610069,0.1783961742188444,39100,3290,349000
274,274,274,274,0,0,0,0,0,0,0,Somatiidae,0,0,,,64,485,6980
275,275,275,275,54540,3185,10660,0,1,0,3,Sphaeroceridae,2,2,-0.13194444444444445,0.1865976228131167,3900,590,72400
276,276,276,276,72726,7453,46697,3,9,1,51,Stratiomyidae,15,8,0.2303645833333333,0.31876353359846943,11100,2663,296000
277,277,277,277,0,0,0,0,0,0,0,Streblidae,0,0,,,2370,1377,44700
278,278,278,278,84549,2553,1647,0,0,0,2,Strongylophthalmyiidae,3,0,,,198,158,33900
279,279,279,279,0,0,0,0,0,0,0,Synneuridae,0,0,,,105,396,2540
280,280,280,280,1981016,94204,393201,134,67,14,685,Syrphidae,121,64,0.2011818346583972,0.2501554772378807,41200,3312,924000
281,281,281,281,282307,64930,72220,12,3,1,62,Tabanidae,15,8,0.07579545454545454,0.11541101285847928,24100,1789,581000
282,282,282,282,395861,20755,43586,43,18,2,244,Tachinidae,29,16,0.14664349972943722,0.2001730842723327,24600,3233,622000
283,283,283,283,0,0,0,0,0,0,0,Tanyderidae,0,0,,,1060,415,17100
284,284,284,284,970657,11903,104576,22,15,1,144,Tephritidae,26,19,0.2041367623604466,0.17588864526184825,74300,5171,856000
285,285,285,285,0,0,0,0,0,0,0,Thaumaleidae,0,0,,,1350,227,49100
286,286,286,286,50548,3285,14558,22,3,2,84,Therevidae,3,3,0.1765079365079365,0.15686941095614013,2530,714,248000
287,287,287,287,1309809,56017,751499,270,139,40,2613,Tipulidae,78,29,0.2510851122058019,0.3076135616451062,23000,1344,563000
288,288,288,288,67337,7762,16119,3,3,0,25,Trichoceridae,4,4,-0.025520833333333333,0.09700931548911512,1720,303,38800
289,289,289,289,157404,1856,1505,1,1,0,24,Ulidiidae,6,6,0.5744949494949495,0.2649123019062251,1510,401,61800
290,290,290,290,0,0,0,0,0,0,0,Vermileonidae,0,0,,,325,192,44400
291,291,291,291,0,0,0,0,0,0,0,Xenasteiidae,0,0,,,101,91,31500
292,292,292,292,0,0,0,0,0,0,0,Xylomyidae,0,0,,,582,235,26300
293,293,293,293,40836,0,10,0,0,0,0,Xylophagidae,1,0,,,1010,247,95500
294,294,294,294,0,0,0,0,0,0,0,Anisembiidae,0,0,,,115,189,4110
295,295,295,295,0,0,0,0,0,0,0,Australembiidae,0,0,,,69,190,2530
296,296,296,296,0,0,0,0,0,0,0,Clothodidae,0,0,,,135,182,3700
297,297,297,297,0,0,0,0,0,0,0,Embiidae,0,0,,,366,203,56300
298,298,298,298,0,0,0,0,0,0,0,Notoligotomidae,0,0,,,71,287,2320
299,299,299,299,0,0,0,0,0,0,0,Oligotomidae,0,0,,,331,180,15600
300,300,300,300,0,0,0,0,0,0,0,Teratembiidae,0,0,,,93,144,2740
301,301,301,301,0,0,0,0,0,0,0,Acanthametropodidae,0,0,,,109,533,2550
302,302,302,302,0,0,0,0,0,0,0,Ameletidae,0,0,,,879,117,13900
303,303,303,303,0,0,0,0,0,0,0,Ameletopsidae,0,0,,,162,646,4550
304,304,304,304,0,0,0,0,0,0,0,Ametropodidae,0,0,,,362,92,10300
305,305,305,305,1511301,9598,26290,5,3,0,14,Baetidae,12,10,0.09507575757575756,0.19063407118621506,17500,1795,175000
306,306,306,306,0,0,0,0,0,0,0,Baetiscidae,0,0,,,664,209,9950
307,307,307,307,0,0,0,0,0,0,0,Behningiidae,0,0,,,368,231,8320
308,308,308,308,5487378,66156,53026,5,27,0,9,Caenidae,68,3,0.0,0.0,7950,471,66300
309,309,309,309,0,0,0,0,0,0,0,Coloburiscidae,0,0,,,226,568,4890
310,310,310,310,0,0,0,0,0,0,0,Dipteromimidae,0,0,,,66,406,1440
311,311,311,311,0,0,0,0,0,0,0,Ephemerellidae,0,0,,,5650,945,64000
312,312,312,312,8172,789,859,0,0,0,0,Ephemeridae,1,1,0.0,0.0,7000,1344,114000
313,313,313,313,7197,2,136,0,0,0,0,Euthyplociidae,1,1,0.13636363636363635,0.0,711,107,8470
314,314,314,314,42429,734,5469,0,2,0,2,Heptageniidae,5,5,0.021787878787878783,0.18295366396675786,9480,853,91900
315,315,315,315,0,0,0,0,0,0,0,Ichthybotidae,0,0,,,31,830,415
316,316,316,316,3451,1607,1508,0,1,0,7,Isonychiidae,3,3,0.13854166666666667,0.1271814853205188,969,186,14500
317,317,317,317,0,0,0,0,0,0,0,Leptohyphidae,0,0,,,2140,477,19600
318,318,318,318,39407,757,4966,0,1,0,9,Leptophlebiidae,5,5,0.15454545454545454,0.12526830708655154,9450,1101,200000
319,319,319,319,0,0,0,0,0,0,0,Metretopodidae,0,0,,,344,142,5650
320,320,320,320,0,0,0,0,0,0,0,Neoephemeridae,0,0,,,444,185,11800
321,321,321,321,0,0,0,0,0,0,0,Nesameletidae,0,0,,,150,459,2890
322,322,322,322,0,0,0,0,0,0,0,Oligoneuriidae,0,0,,,1800,298,22600
323,323,323,323,0,0,0,0,0,0,0,Oniscigastridae,0,0,,,178,574,4050
324,324,324,324,0,0,0,0,0,0,0,Palingeniidae,0,0,,,488,168,10400
325,325,325,325,0,0,0,0,0,0,0,Polymitarcyidae,0,0,,,1590,407,20400
326,326,326,326,0,0,0,0,0,0,0,Potamanthidae,0,0,,,1420,243,23100
327,327,327,327,680,386,536,5,4,0,24,Prosopistomatidae,3,3,0.2708333333333333,0.2366211810750114,573,213,15000
328,328,328,328,0,0,0,0,0,0,0,Rallidentidae,0,0,,,82,333,1290
329,329,329,329,0,0,0,0,0,0,0,Siphlaenigmatidae,0,0,,,99,653,1310
330,330,330,330,0,0,0,0,0,0,0,Siphlonuridae,0,0,,,2930,356,34100
331,331,331,331,0,0,0,0,0,0,0,Teloganodidae,0,0,,,243,146,5860
332,332,332,332,0,0,0,0,0,0,0,Tricorythidae,0,0,,,1650,509,10800
333,333,333,334,76163,3546,3317,2,1,1,16,Acanthosomatidae,4,1,0.0,0.0,2140,506,62900
334,334,334,335,0,0,0,0,0,0,0,Achilidae,0,0,,,1020,190,141000
335,335,335,336,0,0,0,0,0,0,0,Achilixiidae,0,0,,,146,421,9330
336,336,336,337,0,0,0,0,0,0,0,Aetalionidae,0,0,,,583,290,23300
337,337,337,338,0,0,0,0,0,0,0,Aleyrodoidea,0,0,,,4410,902,46200
338,338,338,339,284298,6991,56636,0,3,0,16,Alydidae,7,3,0.05833333333333333,0.10103629710818453,5150,995,96700
339,339,339,340,7101,1235,2531,0,2,0,2,Anthocoridae,3,1,-0.05,0.0,16900,2388,267000
340,340,340,341,0,0,0,0,0,0,0,Aphelocheiridae,0,0,,,1090,247,23400
341,341,341,342,29138,1929,3789,0,2,0,4,Aphidoidea,7,4,0.2294034090909091,0.3066990421744581,23400,3243,244000
342,342,342,343,12951,1959,1872,12,2,0,44,Aphrophoridae,2,1,-0.12916666666666665,0.0,1930,475,184000
343,343,343,344,17977,652,816,0,0,0,0,Aradidae,3,3,0.07575757575757575,0.06943296507508848,3550,415,242000
344,344,344,345,237936,21753,239688,34,34,18,738,Belostomatidae,26,12,0.1317939814814815,0.2785656595196669,7150,1235,275000
345,345,345,346,2994,546,3384,0,0,0,8,Berytidae,3,2,0.0,0.0,2120,238,102000
346,346,346,347,7197,2,136,0,0,0,0,Caliscelidae,1,1,0.19318181818181815,0.0,437,296,18900
347,347,347,348,0,0,0,0,0,0,0,Canopidae,0,0,,,124,502,6110
348,348,348,349,196333,2802,41842,10,17,5,154,Cercopidae,6,3,-0.08333333333333333,0.14433756729740646,11300,1122,294000
349,349,349,350,731778,13918,256904,107,68,16,1027,Cicadellidae,48,22,0.12889757969303425,0.20082489447071844,44200,3684,746000
350,350,350,351,939763,71700,380114,205,70,28,816,Cicadidae,37,15,0.05358585858585858,0.14622430771126624,10100,2087,398000
351,351,351,352,324535,3183,5053,10,4,2,2,Cimicidae,12,4,0.14583333333333331,0.10485881160098262,11800,2042,176000
352,352,352,353,57270,652,8122,1,0,0,3,Cixiidae,4,4,0.10227272727272728,0.06818181818181818,4570,1244,234000
353,353,353,354,6887,159,20870,1,1,0,54,Clastopteridae,1,0,,,242,101,15400
354,354,354,355,101289,5277,54443,13,4,2,33,Coccoidea,9,4,-0.08536931818181817,0.3454577772850222,21500,3265,222000
355,355,355,356,0,0,0,0,0,0,0,Colobathristidae,0,0,,,252,142,11200
356,356,356,357,912600,59782,666029,77,89,13,1125,Coreidae,77,31,0.1634286412512219,0.297279874325723,14900,1357,400000
357,357,357,358,62512,4640,8840,0,2,0,4,Corixidae,7,7,0.11788690476190475,0.3447918738043997,14600,1550,203000
358,358,358,359,61876,3606,1882,0,2,0,7,Cydnidae,6,5,0.027272727272727268,0.06098367211363063,5590,1188,182000
359,359,359,360,40066,6412,10995,0,1,0,7,Delphacidae,5,4,0.1789772727272727,0.2325847027200928,20600,2174,405000
360,360,360,361,44594,385,45612,11,18,5,192,Derbidae,5,3,0.04545454545454545,0.07872958216222169,1290,237,169000
361,361,361,362,10016,2307,4548,1,2,0,27,Dictyopharidae,3,2,0.49375,0.15026019100214133,1520,349,165000
362,362,362,363,30443,3,3857,0,0,0,1,Dinidoridae,2,2,0.07954545454545453,0.01607060866333062,495,227,15500
363,363,363,364,61793,1439,5449,3,2,1,12,Dipsocoridae,3,2,0.12973484848484848,0.0013392173886108845,525,156,29800
364,364,364,365,0,0,0,0,0,0,0,Epipygidae,0,0,,,75,684,6360
365,365,365,366,0,0,0,0,0,0,0,Enicocephalidae,0,0,,,763,243,121000
366,366,366,367,0,0,0,0,0,0,0,Eurybrachyidae,0,0,,,59,504,3430
367,367,367,368,22560,4862,7372,0,0,0,4,Flatidae,6,4,0.13333333333333333,0.1632993161855452,2910,498,183000
368,368,368,369,208257,1744,11481,75,6,2,280,Fulgoridae,13,8,-0.037002840909090916,0.287428677677954,3670,644,154000
369,369,369,370,0,0,0,0,0,0,0,Gelastocoridae,0,0,,,1340,374,69300
370,370,370,371,104493,5386,159577,9,5,3,200,Gerridae,13,10,-0.00020833333333333812,0.3031764227096775,13100,1737,418000
371,371,371,372,0,0,0,0,0,0,0,Hebridae,0,0,,,2130,323,56600
372,372,372,373,0,0,0,0,0,0,0,Hermatobatidae,0,0,,,214,172,5110
373,373,373,374,0,0,0,0,0,0,0,Hydrometridae,0,0,,,3240,729,441000
374,374,374,375,0,0,0,0,0,0,0,Hyocephalidae,0,0,,,106,1886,7630
375,375,375,376,0,0,0,0,0,0,0,Idiostolidae,0,0,,,122,365,7830
376,376,376,377,1324,196,139,0,2,0,2,Issidae,3,2,0.0,0.0,2180,708,187000
377,377,377,378,0,0,0,0,0,0,0,Joppeicidae,0,0,,,146,716,6300
378,378,378,379,6499,1091,182,0,0,0,2,Largidae,8,6,0.12777777777777774,0.18787308560913216,1110,332,32500
379,379,379,380,30443,3,3857,0,0,0,1,Leptopodidae,2,2,-0.03787878787878789,0.12320799975220145,583,280,20200
380,380,380,381,0,0,0,0,0,0,0,Lestoniidae,0,0,,,92,282,4780
381,381,381,382,840,306,385,6,0,0,56,Lophopidae,1,1,0.0,0.0,834,348,17600
382,382,382,383,0,0,0,0,0,0,0,Lyctocoridae,0,0,,,157,251,8760
383,383,383,384,246612,6959,69335,8,10,0,59,Lygaeidae,15,7,-0.058864151721294576,0.16073645381917007,19100,2204,439000
384,384,384,385,0,0,0,0,0,0,0,Machaerotidae,0,0,,,346,148,12000
385,385,385,386,0,0,0,0,0,0,0,Macroveliidae,0,0,,,262,860,8230
386,386,386,387,0,0,0,0,0,0,0,Malcidae,0,0,,,234,126,12400
387,387,387,388,0,0,0,0,0,0,0,Meenoplidae,0,0,,,622,274,150000
388,388,388,389,331701,23568,170698,31,32,8,319,Membracidae,31,19,0.10004670767828663,0.18755561775805416,8630,1686,248000
389,389,389,390,0,0,0,0,0,0,0,Mesoveliidae,0,0,,,2850,380,151000
390,390,390,391,0,0,0,0,0,0,0,Microphysidae,0,0,,,1130,638,20300
391,391,391,392,204611,22895,50621,5,19,0,45,Miridae,24,19,-0.016533046631730847,0.20700054457349185,40600,3174,677000
392,392,392,393,0,0,0,0,0,0,0,Myerslopiidae,0,0,,,111,1052,7790
393,393,393,394,18582,4453,3527,3,3,1,15,Nabidae,2,2,0.390625,0.06629126073623882,8130,874,221000
394,394,394,395,15988,454,292,0,2,0,0,Naucoridae,2,2,0.025000000000000005,0.03535533905932738,5440,546,55400
395,395,395,396,43886,2620,22022,0,5,0,6,Nepidae,6,3,0.1,0.458257569495584,5490,536,131000
396,396,396,397,0,0,0,0,0,0,0,Nogodinidae,0,0,,,453,288,16800
397,397,397,398,205265,1680,5633,0,1,0,3,Notonectidae,6,5,0.16311868686868689,0.19874278033537512,9170,947,265000
398,398,398,399,0,0,0,0,0,0,0,Ochteridae,0,0,,,788,296,18400
399,399,399,400,0,0,0,0,0,0,0,Paraphrynoveliidae,0,0,,,89,2313,4260
400,400,400,401,0,0,0,0,0,0,0,Peloridiidae,0,0,,,527,508,9470
401,401,401,402,1393917,56897,824633,32,47,0,369,Pentatomidae,88,39,0.047119084619084615,0.1719242189125311,55600,3547,722000
402,402,402,403,0,0,0,0,0,0,0,Phloeidae,0,0,,,196,296,7010
403,403,403,404,0,0,0,0,0,0,0,Phylloxeroidea,0,0,,,398,214,18900
404,404,404,405,0,0,0,0,0,0,0,Phymatidae,0,0,,,953,291,56600
405,405,405,406,0,0,0,0,0,0,0,Piesmatidae,0,0,,,1050,425,19700
406,406,406,407,7146,56,3493,14,1,0,55,Plataspidae,2,2,0.05,0.07071067811865478,1960,875,30100
407,407,407,408,0,0,0,0,0,0,0,Pleidae,0,0,,,3000,309,58200
408,408,408,409,0,0,0,0,0,0,0,Plokiophilidae,0,0,,,132,569,6520
409,409,409,410,3054,630,428,2,0,0,11,Psylloidea,2,1,0.0,0.0,7330,2645,99800
410,410,410,411,147788,6234,81844,1,12,0,57,Pyrrhocoridae,18,12,0.1253968253968254,0.21481676220633425,8660,1062,205000
411,411,411,412,833687,36401,439723,114,64,11,801,Reduviidae,91,47,-0.019548409628196862,0.2047728783118472,34800,4660,684000
412,412,412,413,113757,8271,40417,6,6,1,52,Rhopalidae,11,11,0.16406565656565655,0.27440721808725044,3500,609,93500
413,413,413,414,6006,110,6658,1,0,0,11,Ricaniidae,2,1,0.0,0.0,1090,396,135000
414,414,414,415,7166,1296,1088,0,0,0,0,Saldidae,2,2,0.35,0.4949747468305832,3450,394,208000
415,415,415,416,30443,3,3857,0,0,0,1,Schizopteridae,2,2,0.13636363636363635,0.0,352,187,134000
416,416,416,417,467764,8848,84819,36,21,3,341,Scutelleridae,18,10,0.1036111111111111,0.25806288113032444,6320,970,348000
417,417,417,418,1023,591,637,2,0,0,12,Stenocephalidae,1,0,,,852,371,27400
418,418,418,419,7198,2,136,0,0,0,0,Termitaphididae,1,1,0.13636363636363635,0.0,122,448,7940
419,419,419,420,17538,191,3407,26,2,2,129,Tessaratomidae,2,2,0.0,0.0,624,237,28000
420,420,420,421,0,0,0,0,0,0,0,Tettigometridae,0,0,,,778,326,21600
421,421,421,422,0,0,0,0,0,0,0,Thaumastocoridae,0,0,,,985,773,23400
422,422,422,423,890085,3178,15289,13,5,1,85,Tingidae,15,12,0.056830667885355374,0.07781888764595565,10500,1179,289000
423,423,423,424,30443,3,3857,0,0,0,1,Tropiduchidae,2,2,0.037878787878787866,0.02785572168310641,1270,567,153000
424,424,424,425,19,27,26,2,0,0,13,Veliidae,1,1,0.0,0.0,5970,631,90400
425,425,425,426,0,0,0,0,0,0,0,Velocipedidae,0,0,,,112,499,6840
426,426,426,427,3417,414,399,0,0,0,5,Agaonidae,1,1,0.0,0.0,3540,1536,85100
427,427,427,428,0,0,0,0,0,0,0,Ampulicidae,0,0,,,1120,279,60200
428,428,428,429,0,0,0,0,0,0,0,Anaxyelidae,0,0,,,262,729,5640
429,429,429,430,289270,23276,36681,12,24,0,116,Andrenidae,36,26,0.09245271221833723,0.22296914833827744,8760,1181,217000
430,430,430,431,17585,878,3069,6,7,0,35,Aphelinidae,7,6,-0.0382936507936508,0.24372442788898085,18300,2414,143000
431,431,431,432,3146695,77289,271949,188,47,11,710,Apidae,150,71,0.10476246367091438,0.19173992488028999,105000,4548,2210000
432,432,432,433,238416,6077,25876,0,4,0,3,Argidae,7,5,-0.13458333333333333,0.26208465818425075,2410,351,50500
433,433,433,434,57885,2,409,0,1,0,0,Aulacidae,2,2,0.06818181818181818,0.09642365197998376,853,540,130000
434,434,434,435,104411,7567,4580,0,1,0,21,Bethylidae,7,3,0.13056739267676767,0.07666191296817383,7230,896,201000
435,435,435,436,0,0,0,0,0,0,0,Blasticotomidae,0,0,,,391,138,44500
436,436,436,437,273454,16413,94377,18,20,4,115,Braconidae,40,23,0.07971096837944662,0.0794697556920941,88400,4040,722000
437,437,437,438,57885,2,409,0,1,0,0,Bradynobaenidae,2,2,0.06818181818181818,0.09642365197998376,422,145,13200
438,438,438,439,99487,200,2819,6,4,0,30,Cephidae,3,1,0.0,0.0,2620,1065,93800
439,439,439,440,10310,674,946,1,6,0,13,Ceraphronidae,3,2,0.1608901515151515,0.03468573036502195,1880,253,30800
440,440,440,441,87369,3563,9242,5,7,0,53,Chalcididae,9,7,0.0816991341991342,0.19114459508744314,9530,845,181000
441,441,441,442,363121,20059,33908,19,11,1,177,Chrysididae,18,9,0.2315572390572391,0.2450130391127621,5430,749,296000
442,442,442,443,103409,4582,18195,0,3,0,13,Cimbicidae,9,8,0.034375,0.2572919679003442,1300,269,79700
443,443,443,444,42405,6914,10195,4,3,0,15,Colletidae,9,8,0.08087121212121212,0.168988039702931,7310,1180,274000
444,444,444,445,91105,2594,28815,5,6,0,98,Crabronidae,13,5,0.18227272727272725,0.3809866486456986,4530,729,194000
445,445,445,446,86163,2324,1813,12,9,0,49,Cynipidae,8,5,0.18724242424242424,0.0817091304679994,12500,2581,206000
446,446,446,447,6006,541,1303,3,1,1,14,Diapriidae,3,2,0.1464285714285714,0.2070812716332032,3700,687,70700
447,447,447,448,453,553,109,0,0,0,2,Diprionidae,1,0,,,5850,1295,74600
448,448,448,449,61066,292,4032,1,0,0,2,Encyrtidae,5,4,0.08238636363636362,0.09791868147508004,20300,2560,357000
449,449,449,450,41607,423,973,0,2,0,1,Eucharitidae,3,3,0.10309343434343432,0.1824971867170192,1320,800,93800
450,450,450,451,107551,14400,16639,25,4,0,169,Eulophidae,16,3,0.1416666666666667,0.2453738644055909,27500,2825,362000
451,451,451,452,37641,5,3993,2,0,0,1,Eupelmidae,3,3,0.0909090909090909,0.07872958216222169,5150,868,73200
452,452,452,453,10615,416,535,0,0,0,2,Eurytomidae,2,1,0.13636363636363635,0.0,7070,827,123000
453,453,453,454,148243,5364,125076,28,13,4,193,Evaniidae,14,2,0.0,0.0,1950,598,171000
454,454,454,455,21594,6,408,0,0,0,0,Figitidae,3,3,0.1212121212121212,0.0262431940540739,3870,1182,111000
455,455,455,456,1902888,76845,116586,82,43,10,638,Formicidae,120,68,0.0642731808632544,0.282436213994728,154000,5316,2210000
456,456,456,457,1942,344,1034,0,0,0,3,Gasteruptiidae,1,0,,,902,454,34300
457,457,457,458,641138,14643,81379,60,19,7,250,Halictidae,35,31,0.12001235715449425,0.18802709491862146,15100,2225,341000
458,458,458,459,0,0,0,0,0,0,0,Heloridae,0,0,,,474,193,11800
459,459,459,460,0,0,0,0,0,0,0,Ibaliidae,0,0,,,1180,513,19300
460,460,460,461,1642658,42031,309623,203,63,13,1004,Ichneumonidae,82,49,0.08138060635509617,0.17986394929836103,45400,2743,716000
461,461,461,462,1893,2431,766,0,2,0,7,Liopteridae,1,1,0.4375,0.0,280,365,6920
462,462,462,463,0,0,0,0,0,0,0,Maamingidae,0,0,,,90,586,4930
463,463,463,464,227252,19332,27367,33,19,2,288,Megachilidae,33,25,0.2350530303030303,0.26731262112007675,15000,2347,537000
464,464,464,465,0,0,0,0,0,0,0,Megalodontesidae,0,0,,,200,193,26800
465,465,465,466,0,0,0,0,0,0,0,Megalyridae,0,0,,,477,283,111000
466,466,466,467,0,0,0,0,0,0,0,Megaspilidae,0,0,,,1400,271,25900
467,467,467,468,33313,5091,10274,21,4,2,106,Melittidae,8,4,0.30625,0.1328768226591831,2820,868,52700
468,468,468,469,679,56,2077,0,0,0,2,Monomachidae,1,0,,,233,290,8780
469,469,469,470,414575,50110,178359,21,27,5,391,Mutillidae,32,18,0.07341269841269843,0.213469500610922,5130,709,329000
470,470,470,471,82958,11665,15244,13,11,1,112,Mymaridae,19,14,0.14758554937126367,0.2485595667158773,8470,1761,118000
471,471,471,472,0,0,0,0,0,0,0,Mymarommatidae,0,0,,,560,427,23100
472,472,472,473,0,0,0,0,0,0,0,Orussidae,0,0,,,1030,456,21600
473,473,473,474,50687,0,273,0,1,0,0,Pamphiliidae,1,1,0.0,0.0,2260,548,81500
474,474,474,475,0,0,0,0,0,0,0,Pelecinidae,0,0,,,581,299,9980
475,475,475,476,93151,3220,26841,7,2,2,25,Pergidae,3,2,-0.153125,0.3579728079756897,1240,561,22200
476,476,476,477,0,0,0,0,0,0,0,Perilampidae,0,0,,,1490,372,31700
477,477,477,478,49803,1133,2423,2,2,1,12,Platygastridae,8,7,0.10649350649350647,0.0499901603856176,4120,668,51100
478,478,478,479,0,0,0,0,0,0,0,Plumariidae,0,0,,,283,218,5150
479,479,479,480,1011120,33298,410914,43,37,1,629,Pompilidae,54,16,0.10211292613636364,0.15680877938812846,7670,1002,312000
480,480,480,481,0,0,0,0,0,0,0,Proctotrupidae,0,0,,,1990,242,31800
481,481,481,482,155351,2307,61389,10,2,0,30,Pteromalidae,10,8,0.109832702020202,0.15193290229529285,24400,3158,306000
482,482,482,483,0,0,0,0,0,0,0,Roproniidae,0,0,,,246,91,7280
483,483,483,484,0,0,0,0,0,0,0,Rotoitidae,0,0,,,158,1033,8670
484,484,484,485,32919,2872,5011,2,0,0,20,Sapygidae,3,2,0.5018518518518519,0.7044878671821531,1200,230,26200
485,485,485,486,685962,445,5842,3,1,0,10,Scelionidae,3,2,0.024999999999999998,0.10606601717798213,14100,2026,216000
486,486,486,487,0,0,0,0,0,0,0,Scolebythidae,0,0,,,292,279,133000
487,487,487,488,263401,2051,95838,2,3,1,36,Scoliidae,5,0,,,3690,398,190000
488,488,488,489,162390,1978,12210,2,1,0,3,Siricidae,2,0,,,4150,1512,112000
489,489,489,490,0,0,0,0,0,0,0,Sierolomorphidae,0,0,,,214,485,7990
490,490,490,491,165302,6860,182712,65,64,21,992,Sphecidae,20,5,0.06298701298701298,0.08752996258314086,15600,1453,375000
491,491,491,492,9235,654,611,0,0,0,0,Stenotritidae,1,1,0.05,0.0,457,3134,10200
492,492,492,493,142863,4866,10711,1,1,0,6,Stephanidae,3,1,0.06818181818181818,0.0,935,340,24400
493,493,493,494,291508,2913,10930,0,2,0,18,Tenthredinidae,10,8,0.08731060606060606,0.08009217395931426,13300,1160,270000
494,494,494,495,0,0,0,0,0,0,0,Tetracampidae,0,0,,,584,242,16000
495,495,495,496,23343,3,139,0,0,0,0,Tiphiidae,2,1,0.13636363636363635,0.0,3080,507,389000
496,496,496,497,5189,309,2946,0,1,0,11,Torymidae,3,2,0.13333333333333333,0.18856180831641267,7610,815,80700
497,497,497,498,39442,1130,1797,1,0,0,2,Trichogrammatidae,2,1,0.0,0.0,21500,2476,203000
498,498,498,499,0,0,0,0,0,0,0,Trigonalidae,0,0,,,775,322,17100
499,499,499,500,0,0,0,0,0,0,0,Vanhorniidae,0,0,,,220,531,9540
500,500,500,501,4566707,123081,461959,65,131,8,601,Vespidae,202,81,0.10050383686957763,0.18093014197289053,31000,3087,502000
501,501,501,502,7198,2,136,0,0,0,0,Xiphydriidae,1,1,0.19318181818181815,0.0,1050,320,199000
502,502,502,503,725,417,757,0,1,0,2,Xyelidae,1,1,0.125,0.0,1280,478,25900
503,503,503,504,573,44,132,1,0,0,2,Hodotermitidae,1,1,-0.09166666666666667,0.0,2350,630,22000
504,504,504,505,82967,2028,1247,1,2,0,7,Kalotermitidae,3,1,-0.09166666666666667,0.0,5850,1087,71000
505,505,505,506,573,44,132,1,0,0,2,Mastotermitidae,1,1,-0.09166666666666667,0.0,2070,701,21700
506,506,506,507,19597,903,3270,1,1,0,4,Rhinotermitidae,4,4,-0.17291666666666666,0.2879826865937912,15600,2772,150000
507,507,507,508,30854,1232,255,0,0,0,0,Serritermitidae,1,0,,,1050,556,10400
508,508,508,509,152899,8716,4258,1,3,0,1,Termitidae,6,2,0.08607142857142858,0.1217233816185414,16100,1742,194000
509,509,509,510,0,0,0,0,0,0,0,Termopsidae,0,0,,,2520,1270,22700
510,510,510,511,0,0,0,0,0,0,0,Acanthopteroctetidae,0,0,,,188,770,30100
511,511,511,512,0,0,0,0,0,0,0,Acrolophidae,0,0,,,283,64,18800
512,512,512,513,284771,13728,34680,14,7,1,74,Adelidae,13,9,0.13042929292929292,0.171626442905805,1240,125,110000
513,513,513,514,0,0,0,0,0,0,0,Agathiphagidae,0,0,,,340,386,122000
514,514,514,515,0,0,0,0,0,0,0,Agonoxenidae,0,0,,,459,188,23700
515,515,515,516,0,0,0,0,0,0,0,Aididae,0,0,,,157,319,10500
516,516,516,517,223733,2634,3422,0,5,1,4,Alucitidae,11,2,0.0,0.0,772,119,62900
517,517,517,518,0,0,0,0,0,0,0,Amphisbatidae,0,0,,,260,149,36100
518,518,518,519,0,0,0,0,0,0,0,Andesianidae,0,0,,,40,1649,5300
519,519,519,520,0,0,0,0,0,0,0,Anomoeotidae,0,0,,,28,1312,6900
520,520,520,521,50,99,138,4,0,0,19,Anthelidae,1,1,0.475,0.0,297,255,20300
521,521,521,522,0,0,0,0,0,0,0,Apatelodidae,0,0,,,370,218,15500
522,522,522,523,78614,5703,13596,5,5,0,44,Arctiidae,7,2,0.06818181818181818,0.09642365197998376,20700,1859,649000
523,523,523,524,0,0,0,0,0,0,0,Argyresthiidae,0,0,,,682,148,28400
524,524,524,525,0,0,0,0,0,0,0,Arrhenophanidae,0,0,,,82,953,9730
525,525,525,526,30443,3,3857,0,0,0,0,Autostichidae,2,2,0.06818181818181818,0.09642365197998376,445,138,42900
526,526,526,527,0,0,0,0,0,0,0,Batrachedridae,0,0,,,657,212,34900
527,527,527,528,0,0,0,0,0,0,0,Bedelliidae,0,0,,,182,163,24800
528,528,528,529,40651,0,184,0,0,0,0,Blastobasidae,1,1,0.0,0.0,1270,306,59700
529,529,529,530,6937,499,20872,0,1,0,6,Bombycidae,2,1,0.4875,0.0,12700,1399,217000
530,530,530,531,0,0,0,0,0,0,0,Brachodidae,0,0,,,344,88,23300
531,531,531,532,160556,6869,70083,36,4,1,97,Brahmaeidae,3,0,,,708,191,50000
532,532,532,533,32386,4,3867,0,0,0,0,Bucculatricidae,3,3,0.0909090909090909,0.07872958216222169,978,206,54900
533,533,533,534,0,0,0,0,0,0,0,Callidulidae,0,0,,,399,243,16700
534,534,534,535,0,0,0,0,0,0,0,Carposinidae,0,0,,,2090,672,42600
535,535,535,536,0,0,0,0,0,0,0,Carthaeidae,0,0,,,69,662,10500
536,536,536,537,818371,3816,16053,2,3,0,7,Castniidae,11,2,0.0,0.0,1690,585,45200
537,537,537,538,0,0,0,0,0,0,0,Choreutidae,0,0,,,1250,219,79400
538,538,538,539,0,0,0,0,0,0,0,Cimeliidae,0,0,,,74,877,6050
539,539,539,540,103539,3,4072,0,0,0,1,Coleophoridae,5,5,0.0008522727272727258,0.013609704053413049,4740,632,175000
540,540,540,541,0,0,0,0,0,0,0,Copromorphidae,0,0,,,163,294,18900
541,541,541,542,15474,811,811,7,1,0,15,Cosmopterigidae,3,3,0.08872655122655122,0.08250985178191568,2030,258,86900
542,542,542,543,8975,912,3821,1,2,0,3,Cossidae,3,3,0.07373737373737373,0.06004156299437473,6740,725,205000
543,543,543,544,508694,17399,67004,32,12,5,286,Crambidae,33,26,0.07853812853812854,0.2183174670422941,21700,2001,598000
544,544,544,545,0,0,0,0,0,0,0,Crinopterygidae,0,0,,,42,2075,21700
545,545,545,546,13906,3580,1800,8,5,4,48,Cyclotornidae,2,2,0.022222222222222213,0.2435590024086997,84,2677,9100
546,546,546,547,870423,11185,57968,29,12,1,193,Dalceridae,13,4,0.16458333333333336,0.19369398831949103,349,115,41800
547,547,547,548,0,0,0,0,0,0,0,Deoclonidae,0,0,,,17,931,14600
548,548,548,549,0,0,0,0,0,0,0,Deuterogoniidae,0,0,,,19,350,10100
549,549,549,550,0,0,0,0,0,0,0,Douglasiidae,0,0,,,449,71,33000
550,550,550,551,242086,18048,23687,15,8,1,121,Drepanidae,9,3,0.08333333333333333,0.14433756729740646,3670,307,194000
551,551,551,552,0,0,0,0,0,0,0,Dudgeoneidae,0,0,,,161,740,11000
552,552,552,553,35,95,28,0,1,0,0,Elachistidae,1,1,0.0,0.0,2760,549,128000
553,553,553,554,0,0,0,0,0,0,0,Endromidae,0,0,,,670,127,63900
554,554,554,555,36987,1313,4940,1,0,0,1,Epicopeiidae,4,4,0.13636363636363635,0.0,215,180,13900
555,555,555,556,13906,3580,1800,7,4,4,45,Epipyropidae,2,2,0.1790674603174603,0.02174633950077674,575,226,20700
556,556,556,557,0,0,0,0,0,0,0,Eriocottidae,0,0,,,174,171,17700
557,557,557,558,44359,195,492,5,0,0,38,Eriocraniidae,2,1,0.0,0.0,1250,447,58200
558,558,558,559,0,0,0,0,0,0,0,Eupterotidae,0,0,,,915,302,110000
559,559,559,560,134288,5853,11013,1,2,0,22,Gelechiidae,14,12,0.10750561167227836,0.1897206576669454,31800,3519,462000
560,560,560,561,1273522,103489,324224,73,55,13,605,Geometridae,73,40,0.059529175685425685,0.2380281885158713,34200,2352,1370000
561,561,561,562,0,0,0,0,0,0,0,Glyphidoceridae,0,0,,,46,419,7470
562,562,562,563,0,0,0,0,0,0,0,Glyphipterigidae,0,0,,,980,219,60900
563,563,563,564,224986,1185,1884,37,9,5,224,Gracillariidae,6,5,-0.03818181818181818,0.12697204742165213,11400,1815,219000
564,564,564,565,0,0,0,0,0,0,0,Hedylidae,0,0,,,382,130,18600
565,565,565,566,14828,2754,3054,4,0,0,39,Heliozelidae,4,3,0.14772727272727273,0.1310518476667136,986,215,44400
566,566,566,567,94128,14647,19262,7,1,1,57,Hepialidae,10,10,0.16016666666666668,0.3623350625192989,5340,968,319000
567,567,567,568,206660,7669,73133,12,11,0,95,Hesperiidae,20,6,0.17637310606060608,0.2433197368478436,17700,2078,797000
568,568,568,569,0,0,0,0,0,0,0,Heterobathmiidae,0,0,,,202,964,13400
569,569,569,570,0,0,0,0,0,0,0,Heterogynidae,0,0,,,332,129,37900
570,570,570,571,0,0,0,0,0,0,0,Himantopteridae,0,0,,,112,1547,5660
571,571,571,572,0,0,0,0,0,0,0,Hyblaeidae,0,0,,,837,252,24600
572,572,572,573,48199,428,624,0,1,0,2,Immidae,2,1,0.0,0.0,151,448,15200
573,573,573,574,33168,2463,4748,3,4,0,17,Incurvariidae,2,2,0.0,0.0,1470,429,67900
574,574,574,575,0,0,0,0,0,0,0,Lacturidae,0,0,,,85,496,7790
575,575,575,576,75020,4428,21513,34,7,8,241,Lasiocampidae,20,14,0.19149659863945576,0.2832235978676137,11700,1201,346000
576,576,576,577,139630,9,361,0,0,0,0,Lecithoceridae,5,5,0.027272727272727268,0.06098367211363063,635,236,46100
577,577,577,578,0,0,0,0,0,0,0,Lemoniidae,0,0,,,719,123,183000
578,578,578,579,1120147,207788,635174,1103,204,175,3549,Limacodidae,51,26,0.002813159063159063,0.09532119980768262,4600,491,328000
579,579,579,580,1156109,31410,57417,172,30,7,768,Lycaenidae,66,36,0.11817310004810005,0.21486949816389736,30200,2880,1090000
580,580,580,581,69691,2553,14826,0,1,0,16,Lymantriidae,7,6,0.1388888888888889,0.2544829543880573,24600,2397,436000
581,581,581,582,310,2246,512,3,1,0,12,Lyonetiidae,2,0,,,4490,550,121000
582,582,582,583,71952,1752,74136,9,7,1,200,Megalopygidae,12,2,0.0,0.0,1140,116,83300
583,583,583,584,522133,29412,42664,6,32,1,219,Micropterigidae,120,17,0.00802139037433155,0.033073039777681765,1620,559,63300
584,584,584,585,9215,22,239,0,0,0,0,Mimallonidae,2,2,0.13636363636363635,0.0,486,197,23900
585,585,585,586,0,0,0,0,0,0,0,Mirinidae,0,0,,,38,605,18400
586,586,586,587,0,0,0,0,0,0,0,Mnesarchaeidae,0,0,,,216,223,10500
587,587,587,588,12520,2363,2620,0,0,0,22,Momphidae,1,1,0.1,0.0,1310,257,51100
588,588,588,589,0,0,0,0,0,0,0,Neopseustidae,0,0,,,311,320,13300
589,589,589,590,10619,1323,1662,10,5,0,87,Nepticulidae,5,5,-0.016212121212121212,0.07261196667434291,3130,902,87100
590,590,590,591,2271414,140129,318221,17,49,1,159,Noctuidae,103,67,0.0789608707006095,0.1338444075711887,244000,6087,2290000
591,591,591,592,175950,39045,52223,14,5,0,130,Notodontidae,13,10,0.203125,0.2877602988310468,10400,1348,460000
592,592,592,593,2618137,141713,584839,445,60,13,1900,Nymphalidae,124,82,0.0743106080910959,0.1942875338388152,48800,3856,1900000
593,593,593,594,9958,202,326,1,1,0,0,Oecophoridae,2,2,0.11818181818181818,0.02571297386132899,5580,659,154000
594,594,594,595,2287,1018,683,3,2,0,25,Opostegidae,1,1,-0.05,0.0,700,351,38600
595,595,595,596,0,0,0,0,0,0,0,Palaephatidae,0,0,,,154,947,5790
596,596,596,597,453818,20760,188027,296,44,19,1433,Papilionidae,51,25,0.06365584415584415,0.1610444937828682,24100,2880,855000
597,597,597,598,0,0,0,0,0,0,0,Peleopodidae,0,0,,,114,213,17600
598,598,598,599,38612171,181677,934526,50,26,9,213,Pieridae,166,137,0.04867955888393845,0.17180842270555868,33700,2919,1750000
599,599,599,600,27479,844,1064,0,0,0,0,Plutellidae,5,5,0.027272727272727268,0.06098367211363063,18500,4510,230000
600,600,600,601,253,146,63,0,0,0,4,Prodoxidae,1,1,0.0,0.0,1280,1060,47400
601,601,601,602,0,0,0,0,0,0,0,Prototheoridae,0,0,,,103,247,10200
602,602,602,603,29482294,64871,160796,37,62,11,260,Psychidae,69,10,0.08622222222222223,0.1539178673076755,7200,1026,299000
603,603,603,604,0,0,0,0,0,0,0,Pterolonchidae,0,0,,,184,193,41400
604,604,604,605,343695,9097,319737,12,13,2,124,Pterophoridae,19,9,0.0710575998075998,0.17419597610135062,4650,531,198000
605,605,605,606,2151228,35609,54212,9,6,0,23,Pyralidae,18,12,0.04166666666666666,0.2775706298322186,116000,2982,1070000
606,606,606,607,194298,8626,31595,18,5,1,141,Riodinidae,12,8,0.042965367965367963,0.1980047639722949,5400,1151,264000
607,607,607,608,0,0,0,0,0,0,0,Roeslerstammiidae,0,0,,,260,42,47800
608,608,608,609,1852519,54825,250238,198,77,20,1531,Saturniidae,71,39,0.14789398101898102,0.2461625471302697,17100,2183,761000
609,609,609,610,0,0,0,0,0,0,0,Sematuridae,0,0,,,212,249,11500
610,610,610,611,305334,48663,68823,59,8,1,891,Sesiidae,28,5,0.003636363636363632,0.1958610993738519,6640,718,254000
611,611,611,612,0,0,0,0,0,0,0,Somabrachyidae,0,0,,,67,356,26300
612,612,612,613,1292996,148621,600450,303,88,45,1585,Sphingidae,88,40,0.11125158955627704,0.24418680506290374,24300,3721,849000
613,613,613,614,3893,175,3478,11,1,0,39,Thyrididae,2,2,0.0,0.0,1640,219,120000
614,614,614,615,144567,8958,55501,3,7,3,93,Tineidae,16,7,0.05418831168831169,0.1287091761475255,7840,880,235000
615,615,615,616,0,0,0,0,0,0,0,Tineodidae,0,0,,,55,1439,12200
616,616,616,617,378,101,281,5,0,0,17,Tischeriidae,1,1,-0.025,0.0,1130,188,61100
617,617,617,618,962092,63994,59953,5,2,0,10,Tortricidae,32,29,0.029239364084191668,0.1093020481869668,75400,3167,816000
618,618,618,619,6475,866,3619,31,1,3,152,Uraniidae,3,2,0.07916666666666666,0.11195857368787003,1240,278,143000
619,619,619,620,43854,3826,902029,54,3,1,72,Urodidae,5,1,0.21212121212121213,0.0,192,99,24500
620,620,620,621,0,0,0,0,0,0,0,Xyloryctidae,0,0,,,552,192,23700
621,621,621,622,7392,142,2527,33,7,4,232,Yponomeutidae,3,3,-0.015467171717171718,0.060128424854744886,11300,1707,236000
622,622,622,623,0,0,0,0,0,0,0,Ypsolophidae,0,0,,,553,84,51600
623,623,623,624,252794,21289,77979,52,15,9,254,Zygaenidae,11,7,-0.0630952380952381,0.41443449709327096,7080,941,304000
624,624,624,625,212871,0,184,0,0,0,0,Acanthopidae,1,1,0.0,0.0,158,148,9890
625,625,625,626,0,0,0,0,0,0,0,Amorphoscelidae,0,0,,,180,68,5770
626,626,626,627,0,0,0,0,0,0,0,Chaeteessidae,0,0,,,147,841,6120
627,627,627,628,11800,694,1007,12,6,3,22,Empusidae,26,9,-0.027777777777777776,0.08333333333333333,379,46,29300
628,628,628,629,0,0,0,0,0,0,0,Eremiaphilidae,0,0,,,144,376,5420
629,629,629,630,548427,58584,206820,106,13,9,405,Hymenopodidae,15,11,0.05555555555555555,0.12362827596178776,437,185,30800
630,630,630,631,0,0,0,0,0,0,0,Iridopterygidae,0,0,,,92,432,5020
631,631,631,632,6155,1467,6518,7,5,2,31,Liturgusidae,1,1,0.0,0.0,244,178,7780
632,632,632,633,873327,338937,507272,55,24,5,196,Mantidae,32,19,0.08613769271664007,0.3635494784779597,6040,681,353000
633,633,633,634,0,0,0,0,0,0,0,Mantoididae,0,0,,,166,2400,11400
634,634,634,635,0,0,0,0,0,0,0,Metallyticidae,0,0,,,84,867,8590
635,635,635,636,0,0,0,0,0,0,0,Paraoxypilidae,0,0,,,0,0,2
636,636,636,637,0,0,0,0,0,0,0,Sibyllidae,0,0,,,53,611,6180
637,637,637,638,10907,1436,226,0,1,0,0,Tarachodidae,1,0,,,122,82,7690
638,638,638,639,9188041,220332,655593,465,433,6,3749,Thespidae,500,453,0.18364107957133616,0.3230646692540804,257,77,11100
639,639,639,640,0,0,0,0,0,0,0,Toxoderidae,0,0,,,82,290,8210
640,640,640,642,0,0,0,0,0,0,0,Apteropanorpidae,0,0,,,107,727,3140
641,641,641,643,6888,159,20872,14,10,1,183,Bittacidae,1,0,,,1130,592,30700
642,642,642,644,25,59,77,0,0,0,6,Boreidae,1,1,0.12777777777777774,0.0,705,354,18800
643,643,643,645,0,0,0,0,0,0,0,Choristidae,0,0,,,224,799,4880
644,644,644,646,13939,440,4936,17,0,0,68,Meropeidae,1,0,,,289,269,6010
645,645,645,647,0,0,0,0,0,0,0,Nannochoristidae,0,0,,,441,302,7950
646,646,646,648,8034,614,12460,0,1,0,3,Panorpidae,1,0,,,1950,776,101000
647,647,647,649,0,0,0,0,0,0,0,Panorpodidae,0,0,,,271,218,4120
648,648,648,650,41494,8729,18718,4,6,0,39,Corydalidae,7,5,0.2728333333333333,0.2576385819105688,4090,634,59900
649,649,649,651,20085,1420,1568,2,2,1,10,Sialidae,5,2,0.6392857142857143,0.22728432252424746,3700,312,77400
650,650,650,652,156156,4881,10304,0,10,0,34,Ascalaphidae,16,3,0.24609375,0.4262468784251534,1720,490,56000
651,651,651,653,27120,497,562,0,1,0,0,Berothidae,1,0,,,861,544,19100
652,652,652,654,295839,10472,210692,21,21,7,234,Chrysopidae,28,10,0.05227272727272727,0.2773617177941187,25000,3524,452000
653,653,653,655,49143,500,1686,0,1,0,2,Coniopterygidae,3,2,0.35,0.4949747468305832,2100,456,97100
654,654,654,656,49326,6959,4780,6,1,0,20,Hemerobiidae,5,4,0.08229166666666668,0.12612342389721093,5520,1143,211000
655,655,655,657,38375,3,4226,0,0,0,0,Ithonidae,3,3,0.0909090909090909,0.07872958216222169,374,273,8340
656,656,656,658,237745,11854,112965,80,32,17,640,Mantispidae,21,9,0.14166666666666666,0.32787192621510003,1810,756,103000
657,657,657,659,145125,6728,132344,45,25,6,529,Myrmeleontidae,20,6,0.1416277356902357,0.1474211134232514,3870,1030,487000
658,658,658,660,12712,3597,5209,1,3,0,18,Nemopteridae,4,3,0.13777777777777778,0.1247367598555424,770,355,32000
659,659,659,661,72,41,40,0,1,0,0,Nevrorthidae,1,0,,,323,356,11400
660,660,660,662,353,388,378,0,0,0,1,Nymphidae,1,0,,,412,333,8240
661,661,661,663,35897,1251,13183,3,1,0,14,Osmylidae,3,2,0.1,0.14142135623730953,1230,409,27400
662,662,662,664,0,0,0,0,0,0,0,Polystoechotidae,0,0,,,396,471,8600
663,663,663,665,0,0,0,0,0,0,0,Psychopsidae,0,0,,,426,379,7840
664,664,664,666,8019,371,3311,6,0,0,22,Sisyridae,1,1,-0.3,0.0,1520,531,33300
665,665,665,667,47483,2914,2487,2,0,0,13,Aeshnidae,4,3,0.031746031746031744,0.0549857399228215,10500,1183,266000
666,666,666,668,0,0,0,0,0,0,0,Austropetaliidae,0,0,,,156,1411,9520
667,667,667,669,0,0,0,0,0,0,0,Chlorogomphidae,0,0,,,186,273,10400
668,668,668,670,7694,162,175,0,1,0,0,Cordulegastridae,1,1,0.2,0.0,1960,280,54100
669,669,669,671,0,0,0,0,0,0,0,Corduliidae,0,0,,,5410,586,188000
670,670,670,672,67208,41,3963,0,0,0,0,Gomphidae,4,3,0.05808080808080807,0.1005989105406166,10100,605,172000
671,671,671,673,15997002,663068,1028457,10,210,2,517,Libellulidae,500,32,-0.0234375,0.1023784684709222,17600,1425,907000
672,672,672,674,65414,2,308,0,0,0,0,Macromiidae,2,1,0.0,0.0,1800,145,26200
673,673,673,675,0,0,0,0,0,0,0,Neopetaliidae,0,0,,,146,860,5990
674,674,674,676,10801,5021,471,0,12,0,14,Petaluridae,34,8,0.0,0.0,898,282,15400
675,675,675,677,1425,1,448,15,3,0,30,Synthemistidae,1,1,-0.0011904761904761862,0.0,234,95,118000
676,676,676,678,0,0,0,0,0,0,0,Epiophlebiidae,0,0,,,362,192,8200
677,677,677,679,0,0,0,0,0,0,0,Amphyipterygidae,0,0,,,1,0,92
678,678,678,680,44208,361,7356,15,0,1,62,Calopterygidae,5,4,0.0596590909090909,0.16205437945586798,7100,1692,133000
679,679,679,681,33055,0,83,0,0,0,0,Chlorocyphidae,1,1,0.0,0.0,1130,276,27500
680,680,680,682,0,0,0,0,0,0,0,Chorismagrionidae,0,0,,,29,823,1250
681,681,681,683,55193,3501,5306,1,2,0,4,Coenagrionidae,10,7,0.02126623376623377,0.050966528938303134,15500,2173,357000
682,682,682,684,0,0,0,0,0,0,0,Dicteriadidae,0,0,,,232,427,7000
683,683,683,685,0,0,0,0,0,0,0,Diphlebiidae,0,0,,,95,281,4400
684,684,684,686,0,0,0,0,0,0,0,Euphaeidae,0,0,,,818,211,26600
685,685,685,687,0,0,0,0,0,0,0,Hemiphlebiidae,0,0,,,265,235,6480
686,686,686,688,3142633,25170,39091,6,59,0,136,Isostictidae,76,13,0.0,0.0,184,905,127000
687,687,687,689,8812,464,998,0,0,0,1,Lestidae,2,2,-0.16083333333333333,0.13317177712346645,6350,763,233000
688,688,688,690,0,0,0,0,0,0,0,Megapodagrionidae,0,0,,,1550,333,37000
689,689,689,691,0,0,0,0,0,0,0,Perilestidae,0,0,,,406,320,11600
690,690,690,692,45757,1671,4582,0,1,0,0,Platycnemididae,4,3,0.0025883838383838342,0.05639690200995781,2380,306,63100
691,691,691,693,0,0,0,0,0,0,0,Platystictidae,0,0,,,917,337,20500
692,692,692,694,0,0,0,0,0,0,0,Polythoridae,0,0,,,828,260,13100
693,693,693,695,0,0,0,0,0,0,0,Protoneuridae,0,0,,,1740,322,26800
694,694,694,696,0,0,0,0,0,0,0,Pseudolestidae,0,0,,,135,545,3580
695,695,695,697,0,0,0,0,0,0,0,Pseudostigmatidae,0,0,,,688,411,12000
696,696,696,698,4406,232,499,0,0,0,0,Synlestidae,1,1,-0.1,0.0,449,338,10100
697,697,697,699,374973,50511,103372,29,16,3,139,Acrididae,33,18,0.04755591630591631,0.09877544220599238,51200,3022,714000
698,698,698,700,0,0,0,0,0,0,0,Chorotypidae,0,0,,,82,92,6240
699,699,699,701,0,0,0,0,0,0,0,Cylindrachetidae,0,0,,,97,208,5840
700,700,700,702,0,0,0,0,0,0,0,Episactidae,0,0,,,63,245,4110
701,701,701,703,34298,2457,892532,35,2,0,64,Eumastacidae,8,3,0.0,0.0,815,295,25200
702,702,702,704,0,0,0,0,0,0,0,Euschmidtiidae,0,0,,,47,503,4890
703,703,703,705,0,0,0,0,0,0,0,Lentulidae,0,0,,,262,104,6430
704,704,704,706,3156,1606,1361,2,2,0,10,Pamphagidae,2,2,0.2791666666666667,0.14731391274719738,1430,353,28100
705,705,705,707,0,0,0,0,0,0,0,Pneumoridae,0,0,,,266,406,4170
706,706,706,708,24407,947,21047,0,6,0,28,Proscopiidae,8,2,0.0,0.0,623,213,18800
707,707,707,709,145278,2420,2972,0,0,0,1,Pyrgomorphidae,7,0,,,3460,509,148000
708,708,708,710,0,0,0,0,0,0,0,Rhipipterygidae,0,0,,,57,486,1200
709,709,709,711,10979,4194,43394,23,10,2,230,Romaleidae,5,0,,,1160,396,33800
710,710,710,712,0,0,0,0,0,0,0,Tanaoceridae,0,0,,,106,661,3210
711,711,711,713,13961,1231,10072,18,2,1,109,Tetrigidae,5,3,0.17525252525252524,0.1743697382921657,4040,420,244000
712,712,712,714,0,0,0,0,0,0,0,Thericleidae,0,0,,,95,311,3610
713,713,713,715,0,0,0,0,0,0,0,Tridactylidae,0,0,,,1030,203,24100
714,714,714,716,2961,2029,9989,26,5,1,200,Trigonopterygidae,2,2,0.01785714285714286,0.02525381361380527,72,745,4400
715,715,715,717,0,0,0,0,0,0,0,Xyronotidae,0,0,,,68,1201,2830
716,716,716,718,64531,63,10269,1,0,0,2,Anostostomatidae,3,3,0.1962121212121212,0.3122857392198853,1080,852,29000
717,717,717,719,2803,576,9632,8,1,0,77,Gryllacrididae,1,1,0.0,0.0,1450,376,143000
718,718,718,720,3036362,26086,13582,1,7,2,47,Gryllidae,29,17,0.10910364145658263,0.22060616812750206,21300,3594,465000
719,719,719,721,182439,5768,298851,1,3,1,36,Gryllotalpidae,8,4,0.13718434343434344,0.19351974965301272,5350,1042,102000
720,720,720,722,0,0,0,0,0,0,0,Myrmecophilidae,0,0,,,389,146,20000
721,721,721,723,0,0,0,0,0,0,0,Prophalangopsidae,0,0,,,310,229,10500
722,722,722,724,33611,358,192,0,0,0,0,Rhaphidophoridae,2,2,-0.08049242424242423,0.0018749043440552614,2170,651,53700
723,723,723,725,1798389,123525,198728,11,3,0,36,Stenopelmatidae,22,19,0.05881578947368421,0.15084569107077564,1600,1037,79600
724,724,724,726,334668,11064,30969,15,13,1,65,Tettigoniidae,29,10,0.03375000000000001,0.1578642837728444,16700,2643,525000
725,725,725,727,0,0,0,0,0,0,0,Agathemeridae,0,0,,,34,281,3780
726,726,726,728,0,0,0,0,0,0,0,Aschiphasmatidae,0,0,,,44,190,7900
727,727,727,729,0,0,0,0,0,0,0,Bacillidae,0,0,,,348,226,30100
728,728,728,730,13067,2669,2197,1,0,0,6,Diapheromeridae,3,2,0.09943181818181818,0.052229478155824516,343,92,24900
729,729,729,731,715,195,28,0,0,0,1,Heteronemiidae,1,0,,,547,198,25600
730,730,730,732,0,0,0,0,0,0,0,Heteropterygidae,0,0,,,97,50,15000
731,731,731,733,124482,3945,6400,1,3,0,5,Phasmatidae,8,6,0.07920875420875421,0.13841716647500246,1770,503,204000
732,732,732,734,208029,37282,714253,287,13,14,1394,Phylliidae,16,5,0.2380909090909091,0.16883301447542629,341,134,82900
733,733,733,735,6993,281,8347,4,2,0,11,Pseudophasmatidae,1,0,,,317,102,21400
734,734,734,736,0,0,0,0,0,0,0,Timematidae,0,0,,,131,823,4070
735,735,735,737,0,0,0,0,0,0,0,Boopidae,0,0,,,194,58,4910
736,736,736,738,49121,840,23819,0,0,0,12,Echinophthiriidae,1,1,0.0,0.0,252,186,20900
737,737,737,739,0,0,0,0,0,0,0,Gyropidae,0,0,,,371,115,8990
738,738,738,740,0,0,0,0,0,0,0,Haematomyzidae,0,0,,,103,387,3720
739,739,739,741,0,0,0,0,0,0,0,Heptapsogasteridae,0,0,,,65,502,2070
740,740,740,742,0,0,0,0,0,0,0,Hoplopleuridae,0,0,,,738,263,12600
741,741,741,743,0,0,0,0,0,0,0,Laemobothriidae,0,0,,,223,154,21900
742,742,742,744,0,0,0,0,0,0,0,Linognathidae,0,0,,,600,178,16400
743,743,743,745,0,0,0,0,0,0,0,Menoponidae,0,0,,,2140,644,33000
744,744,744,746,0,0,0,0,0,0,0,Pedicinidae,0,0,,,173,543,10900
745,745,745,747,748691,1090,5768,16,2,0,17,Pediculidae,4,1,0.0,0.0,4130,1640,105000
746,746,746,748,84597,3379,18427,7,0,1,15,Philopteridae,5,5,0.1193181818181818,0.018737082327092217,2210,502,70300
747,747,747,749,0,0,0,0,0,0,0,Polyplacidae,0,0,,,469,104,12600
748,748,748,750,0,0,0,0,0,0,0,Pthiridae,0,0,,,321,404,29600
749,749,749,751,0,0,0,0,0,0,0,Ricinidae,0,0,,,300,74,8940
750,750,750,752,0,0,0,0,0,0,0,Trichodectidae,0,0,,,1770,658,26200
751,751,751,753,318,94,235,0,0,0,1,Austroperlidae,1,1,0.14285714285714285,0.0,428,302,4600
752,752,752,754,160776,3339,1561,0,1,0,3,Capniidae,1,1,0.16666666666666666,0.0,3150,480,39600
753,753,753,755,48682969,129879,2723996,5,1,0,35,Chloroperlidae,11,2,-0.060606060606060615,0.08570991287109668,3410,276,43700
754,754,754,756,74,40,204,0,1,0,1,Diamphipnoidae,1,1,0.53125,0.0,151,339,3400
755,755,755,757,0,0,0,0,0,0,0,Eustheniidae,0,0,,,496,194,8660
756,756,756,758,643,2094,672,0,0,0,2,Gripopterygidae,2,2,0.07142857142857142,0.10101525445522108,1600,568,14800
757,757,757,759,89836,3584,9821,2,1,0,16,Leuctridae,10,8,0.04588068181818182,0.2510117789790861,4260,608,53400
758,758,758,760,105993,1914,10514,3,1,0,31,Nemouridae,8,5,0.1009090909090909,0.09482476225749308,5620,913,53700
759,759,759,761,0,0,0,0,0,0,0,Notonemouridae,0,0,,,558,204,5590
760,760,760,762,47,25,3,0,0,0,0,Peltoperlidae,1,0,,,1300,470,18200
761,761,761,763,707623,20056,21261,2,3,0,10,Perlidae,52,4,0.022727272727272724,0.04545454545454545,8660,953,128000
762,762,762,764,42406,693,5460,0,0,0,1,Perlodidae,3,3,0.26136363636363635,0.23205202109843334,4760,559,55400
763,763,763,765,0,0,0,0,0,0,0,Pteronarcyidae,0,0,,,1250,425,12500
764,764,764,766,0,0,0,0,0,0,0,Scopuridae,0,0,,,140,96,2930
765,765,765,767,0,0,0,0,0,0,0,Styloperlidae,0,0,,,120,669,2700
766,766,766,768,30443,3,3857,0,0,0,0,Taeniopterygidae,2,2,0.13636363636363635,0.0,2410,373,35500
767,767,767,769,0,0,0,0,0,0,0,Acerentomidae,0,0,,,454,170,15600
768,768,768,770,0,0,0,0,0,0,0,Berberentomidae,0,0,,,64,43,628
769,769,769,771,40651,0,184,0,0,0,0,Eosentomidae,1,1,0.0,0.0,338,121,34200
770,770,770,772,0,0,0,0,0,0,0,Fujientomidae,0,0,,,22,411,1340
771,771,771,773,0,0,0,0,0,0,0,Hesperentomidae,0,0,,,72,186,13700
772,772,772,774,0,0,0,0,0,0,0,Sinentomidae,0,0,,,63,299,1680
773,773,773,775,0,0,0,0,0,0,0,Amphientomidae,0,0,,,195,139,18800
774,774,774,776,0,0,0,0,0,0,0,Amphipsocidae,0,0,,,215,194,23200
775,775,775,777,0,0,0,0,0,0,0,Archipsocidae,0,0,,,190,112,4080
776,776,776,778,0,0,0,0,0,0,0,Asiopsocidae,0,0,,,60,333,15400
777,777,777,779,0,0,0,0,0,0,0,Caeciliusidae,0,0,,,248,139,28200
778,778,778,780,0,0,0,0,0,0,0,Calopsocidae,0,0,,,72,185,2010
779,779,779,781,0,0,0,0,0,0,0,Compsocidae,0,0,,,64,607,1870
780,780,780,782,0,0,0,0,0,0,0,Dasydemellidae,0,0,,,51,302,2580
781,781,781,783,0,0,0,0,0,0,0,Ectopsocidae,0,0,,,491,50,14800
782,782,782,784,0,0,0,0,0,0,0,Electrentomidae,0,0,,,33,190,1420
783,783,783,785,0,0,0,0,0,0,0,Elipsocidae,0,0,,,405,88,9070
784,784,784,786,0,0,0,0,0,0,0,Epipsocidae,0,0,,,256,119,9720
785,785,785,787,0,0,0,0,0,0,0,Hemipsocidae,0,0,,,144,466,4640
786,786,786,788,0,0,0,0,0,0,0,Lachesillidae,0,0,,,573,250,15400
787,787,787,789,0,0,0,0,0,0,0,Lepidopsocidae,0,0,,,343,106,9240
788,788,788,790,0,0,0,0,0,0,0,Liposcelididae,0,0,,,1760,1130,21100
789,789,789,791,0,0,0,0,0,0,0,Mesopsocidae,0,0,,,283,96,22600
790,790,790,792,0,0,0,0,0,0,0,Musapsocidae,0,0,,,46,446,1570
791,791,791,793,0,0,0,0,0,0,0,Myopsocidae,0,0,,,250,59,18200
792,792,792,794,0,0,0,0,0,0,0,Pachytroctidae,0,0,,,224,91,23700
793,793,793,795,0,0,0,0,0,0,0,Peripsocidae,0,0,,,460,172,13200
794,794,794,796,0,0,0,0,0,0,0,Philotarsidae,0,0,,,345,159,7740
795,795,795,797,0,0,0,0,0,0,0,Prionoglarididae,0,0,,,149,226,8100
796,796,796,798,0,0,0,0,0,0,0,Pseudocaeciliidae,0,0,,,360,84,27000
797,797,797,799,0,0,0,0,0,0,0,Psilopsocidae,0,0,,,64,225,2050
798,798,798,800,36108,9009,9001,0,1,0,1,Psocidae,1,1,0.01666666666666667,0.0,1740,362,78200
799,799,799,801,0,0,0,0,0,0,0,Psoquillidae,0,0,,,189,208,16400
800,800,800,802,0,0,0,0,0,0,0,Psyllipsocidae,0,0,,,450,122,12100
801,801,801,803,0,0,0,0,0,0,0,Sphaeropsocidae,0,0,,,146,105,7340
802,802,802,804,0,0,0,0,0,0,0,Stenopsocidae,0,0,,,298,45,29200
803,803,803,805,0,0,0,0,0,0,0,Trichopsocidae,0,0,,,127,211,14600
804,804,804,806,0,0,0,0,0,0,0,Troctopsocidae,0,0,,,82,337,1900
805,805,805,807,0,0,0,0,0,0,0,Trogiidae,0,0,,,556,110,13600
806,806,806,808,0,0,0,0,0,0,0,Inocelliidae,0,0,,,319,192,10300
807,807,807,809,78005,2521,12879,0,0,0,2,Raphidiidae,3,3,-0.0222222222222222,0.03849001794597502,1150,277,79700
808,808,808,810,0,0,0,0,0,0,0,Ceratophyllidae,0,0,,,2730,841,37000
809,809,809,811,0,0,0,0,0,0,0,Chimaeropsyllidae,0,0,,,137,441,3270
810,810,810,812,0,0,0,0,0,0,0,Coptopsyllidae,0,0,,,243,125,15100
811,811,811,813,0,0,0,0,0,0,0,Ctenophthalmidae,0,0,,,1150,206,13700
812,812,812,814,0,0,0,0,0,0,0,Hystrichopsyllidae,0,0,,,1480,661,19300
813,813,813,815,0,0,0,0,0,0,0,Ischnopsyllidae,0,0,,,1050,216,15300
814,814,814,816,0,0,0,0,0,0,0,Leptopsyllidae,0,0,,,1120,202,10900
815,815,815,817,0,0,0,0,0,0,0,Lycopsyllidae,0,0,,,33,433,1630
816,816,816,818,0,0,0,0,0,0,0,Macropsyllidae,0,0,,,123,270,2740
817,817,817,819,0,0,0,0,0,0,0,Pulicidae,0,0,,,6770,1858,100000
818,818,818,820,0,0,0,0,0,0,0,Pygiopsyllidae,0,0,,,316,189,6600
819,819,819,821,0,0,0,0,0,0,0,Rhopalopsyllidae,0,0,,,557,267,6460
820,820,820,822,0,0,0,0,0,0,0,Stephanocircidae,0,0,,,340,171,4880
821,821,821,823,0,0,0,0,0,0,0,Stivaliidae,0,0,,,62,159,3460
822,822,822,824,0,0,0,0,0,0,0,Vermipsyllidae,0,0,,,445,98,19800
823,823,823,826,0,0,0,0,0,0,0,Aeolothripidae,0,0,,,2050,508,26400
824,824,824,827,0,0,0,0,0,0,0,Heterothripidae,0,0,,,423,140,7480
825,825,825,828,44421,4159,5993,0,0,0,0,Phlaeothripidae,3,3,0.028219696969696964,0.054380471764838435,4900,831,62900
826,826,826,829,146823,1115,1042,0,0,0,2,Thripidae,5,4,0.025,0.05,30900,3349,359000
827,827,827,830,0,0,0,0,0,0,0,Anomalopsychidae,0,0,,,365,534,5600
828,828,828,831,0,0,0,0,0,0,0,Apataniidae,0,0,,,637,111,18600
829,829,829,832,0,0,0,0,0,0,0,Atriplectididae,0,0,,,277,705,5110
830,830,830,833,0,0,0,0,0,0,0,Beraeidae,0,0,,,1080,113,14100
831,831,831,834,0,0,0,0,0,0,0,Brachycentridae,0,0,,,3100,308,33900
832,832,832,835,98277,1179,4389,2,2,3,11,Calamoceratidae,4,4,0.0872159090909091,0.10539581289611584,2470,503,28800
833,833,833,836,0,0,0,0,0,0,0,Calocidae,0,0,,,245,176,3100
834,834,834,837,0,0,0,0,0,0,0,Chathamiidae,0,0,,,117,1132,3760
835,835,835,838,0,0,0,0,0,0,0,Conoesucidae,0,0,,,453,426,8510
836,836,836,839,0,0,0,0,0,0,0,Dipseudopsidae,0,0,,,452,119,11100
837,837,837,840,0,0,0,0,0,0,0,Ecnomidae,0,0,,,2130,313,124000
838,838,838,841,13481,2857,2741,1,1,0,1,Glossosomatidae,1,1,0.05,0.0,4850,503,51700
839,839,839,842,0,0,0,0,0,0,0,Goeridae,0,0,,,2140,204,33700
840,840,840,843,0,0,0,0,0,0,0,Helicophidae,0,0,,,277,199,5030
841,841,841,844,13869,1361,489,1,1,0,1,Helicopsychidae,1,0,,,2690,310,130000
842,842,842,845,3583,648,544,0,0,0,0,Hydrobiosidae,1,1,0.7,0.0,2120,202,131000
843,843,843,846,151628,8488,24099,0,4,2,6,Hydropsychidae,4,2,0.3046875,0.34250484713723395,15000,1410,247000
844,844,844,847,35294,659,3003,0,1,0,4,Hydroptilidae,3,3,-0.10909090909090907,0.4251397436759972,8090,494,170000
845,845,845,848,0,0,0,0,0,0,0,Hydrosalpingidae,0,0,,,69,1622,1800
846,846,846,849,0,0,0,0,0,0,0,Kokiriidae,0,0,,,133,569,110000
847,847,847,850,11048,406,399,0,0,0,5,Lepidostomatidae,1,0,,,3370,464,39000
848,848,848,851,65919,2760,8934,0,1,0,2,Leptoceridae,7,6,0.10707070707070708,0.09496829815965584,8880,762,207000
849,849,849,852,312146,5712,156949,6,8,1,36,Limnephilidae,7,3,0.6166666666666667,0.5392896562454479,10700,1257,105000
850,850,850,853,0,0,0,0,0,0,0,Limnocentropodidae,0,0,,,128,1350,16200
851,851,851,854,0,0,0,0,0,0,0,Molannidae,0,0,,,1470,193,18900
852,852,852,855,30443,3,3857,0,0,0,0,Odontoceridae,2,2,0.12803030303030302,0.0010713739108887154,3070,263,35000
853,853,853,856,0,0,0,0,0,0,0,Oeconesidae,0,0,,,224,1411,3560
854,854,854,857,0,0,0,0,0,0,0,Philopotamidae,0,0,,,5760,523,156000
855,855,855,858,0,0,0,0,0,0,0,Philorheithridae,0,0,,,290,314,6500
856,856,856,859,14427,2798,1857,0,3,0,2,Phryganeidae,3,3,-0.075,0.08457409637576849,2960,364,73300
857,857,857,860,0,0,0,0,0,0,0,Phryganopsychidae,0,0,,,165,673,13000
858,858,858,861,0,0,0,0,0,0,0,Pisuliidae,0,0,,,102,902,2900
859,859,859,862,0,0,0,0,0,0,0,Polycentropodidae,0,0,,,6340,593,59200
860,860,860,863,2376,398,897,1,1,1,2,Psychomyiidae,1,1,0.08750000000000002,0.0,2860,319,31000
861,861,861,864,0,0,0,0,0,0,0,Rhyacophilidae,0,0,,,5460,645,58100
862,862,862,865,0,0,0,0,0,0,0,Sericostomatidae,0,0,,,3040,309,30500
863,863,863,866,0,0,0,0,0,0,0,Stenopsychidae,0,0,,,927,199,12900
864,864,864,867,0,0,0,0,0,0,0,Tasimiidae,0,0,,,289,702,3730
865,865,865,868,0,0,0,0,0,0,0,Uenoidae,0,0,,,950,190,40500
866,866,866,869,0,0,0,0,0,0,0,Xiphocentronidae,0,0,,,748,189,9340
867,867,867,870,19275,2692,984,0,2,0,6,Zoraptera,2,1,0.0,0.0,6720,946,138000
868,868,868,871,0,0,0,0,0,0,0,Lepidotrichidae,0,0,,,214,455,5490
869,869,869,872,34405,598,46471,0,1,0,5,Lepismatidae,1,0,,,2240,534,93400
870,870,870,873,7198,2,136,0,0,0,0,Nicoletiidae,1,1,0.13636363636363635,0.0,573,234,14300
871,871,871,874,1825,127,62,0,1,0,1,Grylloblattidae,2,0,,,438,301,10900
872,872,872,875,259175,3180,9223,2,5,0,16,Mantophasmatodea,6,1,0.0,0.0,1450,1342,54700
873,873,873,876,385662,21044,35326,33,23,5,171,Strepsiptera,30,26,0.047578428515928514,0.24833441679740326,12100,2535,272000
