,Unnamed: 0,Unnamed: 0.1,user_tweets_count,user_friends_count,user_followers_count,retweet_count,reply_count,quote_count,favorite_count,family,tweet_count,num_tweets_with_sentiment,mean_sentiment_polarity,standard_deviation_sentiment_polarity
0,0,0,7196,1048,21575,2,0,0,26,Archaeognatha,2,1,0.0,0.0
1,1,1,151469,6487,29757,1,9,1,32,Blaberidae,15,3,0.05333333333333334,0.09237604307034013
2,2,2,0,0,0,0,0,0,0,Ectobiidae,0,0,,
3,3,3,375846,7042,8119,1,4,0,10,Blattidae,12,5,0.125,0.23318447632722036
4,4,4,30854,1232,255,0,0,0,0,Cryptocercidae,1,0,,
5,5,5,28,10,4,0,0,0,0,Nocticolidae,1,1,0.0,0.0
6,6,6,0,0,0,0,0,0,0,Corydiidae,0,0,,
7,7,7,0,0,0,0,0,0,0,Amphizoidae,0,0,,
8,8,8,38,215,34,0,0,0,3,Aspidytidae,1,1,0.0,0.0
9,9,9,1362038,81976,361260,129,61,15,885,Carabidae,113,81,0.16331606964708817,0.226270683573969
10,10,10,649415,23883,66522,32,21,5,270,Dytiscidae,33,27,0.1677235316124205,0.26472546233414834
11,11,11,25520,3575,23347,12,5,2,133,Gyrinidae,10,7,0.03609976333190619,0.14278334608313395
12,12,12,7629,646,547,1,0,0,26,Haliplidae,3,2,0.5681818181818181,0.6106831292065638
13,13,13,0,0,0,0,0,0,0,Hygrobiidae,0,0,,
14,14,14,72,92,13,0,0,0,0,Noteridae,1,1,1.0,0.0
15,15,15,0,0,0,0,0,0,0,Trachypachidae,0,0,,
16,16,16,0,0,0,0,0,0,0,Cupedidae,0,0,,
17,17,17,0,0,0,0,0,0,0,Micromalthidae,0,0,,
18,18,18,0,0,0,0,0,0,0,Ommatidae,0,0,,
19,19,19,16161,1197,4680,16,0,2,40,Lepiceridae,4,4,0.08920454545454548,0.07814514203160995
20,20,20,24836,1712,1240,17,1,3,55,Hydroscaphidae,4,1,0.13636363636363635,0.0
21,21,21,12245,1018,649,0,0,0,7,Sphaeriusidae,2,0,,
22,22,22,11885,466,251,0,0,0,0,Torridincolidae,1,0,,
23,23,23,0,0,0,0,0,0,0,Aderidae,0,0,,
24,24,24,0,0,0,0,0,0,0,Agyrtidae,0,0,,
25,25,25,0,0,0,0,0,0,0,Alexiidae,0,0,,
26,26,26,420436,6354,50351,0,3,0,38,Anobiidae,10,4,0.12083333333333333,0.12720281268728123
27,27,27,19490,907,1652,0,2,0,4,Anthicidae,2,2,0.0875,0.30052038200428266
28,28,28,200166,7858,24384,17,4,3,118,Anthribidae,13,10,0.09333333333333332,0.24129281427805144
29,29,29,0,0,0,0,0,0,0,Artematopodidae,0,0,,
30,30,30,87336,4285,11998,0,2,0,6,Attelabidae,3,1,0.0,0.0
31,31,31,178789,8574,10078,0,3,0,3,Belidae,8,0,,
32,32,32,0,0,0,0,0,0,0,Biphyllidae,0,0,,
33,33,33,0,0,0,0,0,0,0,Boridae,0,0,,
34,34,34,7197,2,136,0,0,0,0,Bostrichidae,1,1,0.06818181818181818,0.0
35,35,35,360,552,398,0,0,1,39,Bothrideridae,1,1,0.0,0.0
36,36,36,0,0,0,0,0,0,0,Brachyceridae,0,0,,
37,37,37,112392,3795,21432,25,4,1,141,Brentidae,10,2,0.0,0.0
38,38,38,970751,13536,181102,22,17,2,199,Buprestidae,30,17,0.15045306001188355,0.20822876287270178
39,39,39,10168,1989,4925,0,1,0,6,Byrrhidae,3,2,-0.03333333333333333,0.04714045207910317
40,40,40,37980,2583,2538,1,0,0,6,Byturidae,1,1,0.16666666666666666,0.0
41,41,41,0,0,0,0,0,0,0,Callirhipidae,0,0,,
42,42,42,846051,12304,48057,10,7,1,35,Cantharidae,18,7,-0.03123376623376623,0.09150195689595897
43,43,43,21124,55,154,0,0,0,0,Cephaloidae,1,1,0.0,0.0
44,44,44,2906417,63967,1214306,214,115,16,2275,Cerambycidae,156,72,0.08812409812409812,0.13658737904884063
45,45,45,0,0,0,0,0,0,0,Ceratocanthidae,0,0,,
46,46,46,720,1104,796,2,1,0,47,Cerylonidae,2,0,,
47,47,47,0,0,0,0,0,0,0,Chelonariidae,0,0,,
48,48,48,1254388,79536,600431,173,61,20,1132,Chrysomelidae,112,67,0.07183078115913936,0.20499140289528286
49,49,49,3000,3624,4074,4,2,0,31,Ciidae,2,1,0.30247395833333335,0.0
50,50,50,6764,516,688,0,0,0,3,Clambidae,1,1,1.0,0.0
51,51,51,164710,7550,12080,13,8,1,138,Cleridae,12,8,0.011616161616161613,0.09972094008399433
52,52,52,6945660,114285,785329,98,61,16,721,Coccinellidae,105,36,0.07419401354818021,0.20298603968409826
53,53,53,8410,3809,4913,2,4,0,9,Corylophidae,2,2,0.22123697916666668,0.11488643770372059
54,54,54,32755,3601,4842,2,4,1,10,Cryptophagidae,6,5,0.14231297348484848,0.10725053301298937
55,55,55,7882,550,895,0,0,0,0,Cucujidae,2,1,0.05568181818181818,0.0
56,56,56,4429415,31621,509066,129,41,19,907,Curculionidae,95,54,0.10465838945005611,0.1823599645011692
57,57,57,0,0,0,0,0,0,0,Dascillidae,0,0,,
58,58,58,266846,16416,68571,6,10,0,26,Dermestidae,24,12,0.10711880711880713,0.13723612490893883
59,59,59,0,0,0,0,0,0,0,Derodontidae,0,0,,
60,60,60,0,0,0,0,0,0,0,Discolomatidae,0,0,,
61,61,61,2332,1014,1869,0,1,0,4,Drilidae,1,0,,
62,62,62,0,0,0,0,0,0,0,Dryopidae,0,0,,
63,63,63,385010,22911,335901,22,33,4,418,Elateridae,32,19,0.1637824018087176,0.22504502895141565
64,64,64,34936,2517,1814,3,0,0,79,Elmidae,6,3,0.0,0.0
65,65,65,16332,4469,9726,53,5,9,254,Endomychidae,5,3,0.27026909722222225,0.2474103728366441
66,66,66,0,0,0,0,0,0,0,Epimetopidae,0,0,,
67,67,67,194696,5998,118517,22,11,2,226,Erotylidae,12,3,0.196062748015873,0.17000197800680497
68,68,68,0,0,0,0,0,0,0,Eucinetidae,0,0,,
69,69,69,6930,1432,1849,0,1,0,4,Eucnemidae,2,2,0.11071428571428572,0.15657364440559268
70,70,70,0,0,0,0,0,0,0,Eulichadidae,0,0,,
71,71,71,360,552,398,0,0,0,7,Georissidae,1,0,,
72,72,72,84810,6944,9337,6,7,1,48,Geotrupidae,10,7,-0.05930059523809524,0.16341567504282564
73,73,73,0,0,0,0,0,0,0,Glaphyridae,0,0,,
74,74,74,0,0,0,0,0,0,0,Glaresidae,0,0,,
75,75,75,0,0,0,0,0,0,0,Helophoridae,0,0,,
76,76,76,1188,109,555,0,0,0,2,Helotidae,1,0,,
77,77,77,13961,518,824,0,0,0,1,Heteroceridae,2,2,0.06818181818181818,0.09642365197998375
78,78,78,96390,5526,12921,1,10,2,34,Histeridae,14,10,0.027310606060606056,0.09911229323982991
79,79,79,8268,2325,3885,20,1,5,113,Hybosoridae,4,2,-0.01988636363636364,0.0281235651608286
80,80,80,6863,1102,3027,1,0,0,14,Hydraenidae,2,2,0.13636363636363635,0.0
81,81,81,6116,964,2880,0,0,0,13,Hydrochidae,1,1,0.0,0.0
82,82,82,226368,11623,49488,13,4,2,138,Hydrophilidae,15,11,0.14326790633608816,0.28863240378005733
83,83,83,0,0,0,0,0,0,0,Ithyceridae,0,0,,
84,84,84,7197,2,136,0,0,0,0,Kateretidae,1,1,0.13636363636363635,0.0
85,85,85,7197,2,136,0,0,0,0,Laemophloeidae,1,1,0.05568181818181818,0.0
86,86,86,1838319,48012,128451,63,156,4,436,Lampyridae,191,39,0.13461281773781775,0.23223259213165753
87,87,87,0,0,0,0,0,0,0,Languriidae,0,0,,
88,88,88,30461,5645,4168,0,4,0,17,Latridiidae,3,3,0.33125,0.3846162860566359
89,89,89,52665,8065,13362,8,2,0,20,Leiodidae,10,8,0.07616151751893939,0.10781733129188378
90,90,90,7917,1106,932,1,0,0,15,Limnichidae,3,2,0.06818181818181818,0.09642365197998375
91,91,91,4041043,50988,91142,317,126,16,910,Lucanidae,247,45,0.031038239538239535,0.08964766113135574
92,92,92,0,0,0,0,0,0,0,Lutrochidae,0,0,,
93,93,93,3761899,30715,110096,53,45,6,655,Lycidae,45,3,0.07142857142857142,0.12371791482634838
94,94,94,7197,2,136,0,0,0,0,Lymexylidae,1,1,0.13636363636363635,0.0
95,95,95,0,0,0,0,0,0,0,Mauroniscidae,0,0,,
96,96,96,0,0,0,0,0,0,0,Melandryidae,0,0,,
97,97,97,257888,12598,118203,37,16,6,406,Meloidae,18,5,0.4563690476190476,0.3700844450350705
98,98,98,29716,5096,18513,2,1,0,44,Melyridae,7,4,-0.020833333333333332,0.041666666666666664
99,99,99,3229202,277628,525801,29,195,7,723,Monotomidae,261,216,0.19807870387767668,0.2989008237211699
100,100,100,63226,475,3194,0,1,0,1,Mordellidae,2,1,0.0,0.0
101,101,101,35320,3616,8185,2,1,0,17,Mycetophagidae,4,4,0.16747455018939394,0.12513890003670022
102,102,102,54864,809,7434,0,0,0,1,Nemonychidae,2,0,,
103,103,103,163920,11217,37741,27,13,0,157,Nitidulidae,19,15,0.11347474747474746,0.09607564743333544
104,104,104,0,0,0,0,0,0,0,Nosodendridae,0,0,,
105,105,105,0,0,0,0,0,0,0,Ochodaeidae,0,0,,
106,106,106,55981,5052,5028,2,5,0,29,Oedemeridae,7,4,0.24375000000000002,0.37989856102210584
107,107,107,0,0,0,0,0,0,0,Omalisidae,0,0,,
108,108,108,0,0,0,0,0,0,0,Omethidae,0,0,,
109,109,109,0,0,0,0,0,0,0,Orsodacnidae,0,0,,
110,110,110,12617,3071,2618,0,1,0,0,Passalidae,2,2,0.08333333333333334,0.11785113019775793
111,111,111,0,0,0,0,0,0,0,Passandridae,0,0,,
112,112,112,0,0,0,0,0,0,0,Perimylopidae,0,0,,
113,113,113,77054,2206,5985,0,4,0,0,Phalacridae,4,3,0.048821548821548814,0.08456140306312698
114,114,114,154261,13541,128175,990,46,108,4421,Phengodidae,11,7,0.26352813852813856,0.2582101622044913
115,115,115,0,0,0,0,0,0,0,Phloeostichidae,0,0,,
116,116,116,0,0,0,0,0,0,0,Phloiophilidae,0,0,,
117,117,117,395,71,21,0,0,0,0,Pleocomidae,1,1,0.0,0.0
118,118,118,430,640,626,1,0,1,23,Prionoceridae,2,1,0.1875,0.0
119,119,119,0,0,0,0,0,0,0,Propalticidae,0,0,,
120,120,120,0,0,0,0,0,0,0,Prostomidae,0,0,,
121,121,121,0,0,0,0,0,0,0,Protocucujidae,0,0,,
122,122,122,226,410,229,0,0,0,0,Psephenidae,1,1,0.0,0.0
123,123,123,42200,2410,8686,13,3,2,41,Ptiliidae,8,8,0.2650804924242424,0.34799873070247667
124,124,124,0,0,0,0,0,0,0,Ptilodactylidae,0,0,,
125,125,125,46573,5248,14127,6,7,2,42,Ptinidae,9,8,0.21605113636363635,0.2159402211836702
126,126,126,111965,3196,3253,0,3,0,7,Pyrochroidae,3,3,0.05833333333333334,0.19418633662885074
127,127,127,7197,2,136,0,0,0,0,Pythidae,1,1,0.0909090909090909,0.0
128,128,128,0,0,0,0,0,0,0,Rhipiceridae,0,0,,
129,129,129,720,1104,796,9,0,3,56,Ripiphoridae,2,0,,
130,130,130,0,0,0,0,0,0,0,Salpingidae,0,0,,
131,131,131,1945725,50353,320522,522,61,43,1952,Scarabaeidae,113,66,0.09026802112029385,0.15268014421922266
132,132,132,67124,1873,7520,0,2,0,3,Scirtidae,6,4,0.09659090909090909,0.12079711150834829
133,133,133,12836,1216,2617,0,2,0,1,Scraptiidae,2,1,-0.4000000000000001,0.0
134,134,134,0,0,0,0,0,0,0,Scydmaenidae,0,0,,
135,135,135,681352,48487,78639,48,25,7,268,Silphidae,34,29,0.23725045767610423,0.2943751148221377
136,136,136,17827,1101,1063,2,0,0,15,Silvanidae,5,4,0.20426136363636363,0.2860242923832403
137,137,137,0,0,0,0,0,0,0,Spercheidae,0,0,,
138,138,138,0,0,0,0,0,0,0,Sphaeritidae,0,0,,
139,139,139,2640,3072,3676,2,1,0,3,Sphindidae,1,1,0.30247395833333335,0.0
140,140,140,1007541,63083,490826,112,78,16,1392,Staphylinidae,141,103,0.10943606487902603,0.1797501912240366
141,141,141,0,0,0,0,0,0,0,Synchroidae,0,0,,
142,142,142,421242,13234,264122,65,23,9,445,Tenebrionidae,45,22,0.0514694018103109,0.1261987842219635
143,143,143,7197,2,136,0,0,0,0,Tetratomidae,1,1,0.13636363636363635,0.0
144,144,144,5568,681,1025,0,1,0,0,Throscidae,1,1,0.22142857142857145,0.0
145,145,145,7197,2,136,0,0,0,0,Trictenotomidae,1,1,0.13636363636363635,0.0
146,146,146,19474,288,88,0,3,0,14,Trogossitidae,2,2,0.0,0.0
147,147,147,37872,244,83168,6,3,0,33,Zopheridae,1,0,,
148,148,148,0,0,0,0,0,0,0,Bourletiellidae,0,0,,
149,149,149,0,0,0,0,0,0,0,Brachystomellidae,0,0,,
150,150,150,2404,149,140,0,0,0,1,Dicyrtomidae,1,1,0.19,0.0
151,151,151,103781,6949,11221,1,4,0,13,Entomobryidae,6,6,0.0853219696969697,0.20046833616583049
152,152,152,625,540,149,0,1,0,1,Hypogastruridae,1,1,0.5416666666666666,0.0
153,153,153,0,0,0,0,0,0,0,Isotomidae,0,0,,
154,154,154,5383,1102,1689,0,3,0,6,Katiannidae,2,2,-0.125,0.1767766952966369
155,155,155,11577,1504,5069,2,0,0,5,Neanuridae,1,1,0.13636363636363635,0.0
156,156,156,0,0,0,0,0,0,0,Neelidae,0,0,,
157,157,157,0,0,0,0,0,0,0,Odontellidae,0,0,,
158,158,158,0,0,0,0,0,0,0,Oncopoduridae,0,0,,
159,159,159,0,0,0,0,0,0,0,Onychiuridae,0,0,,
160,160,160,0,0,0,0,0,0,0,Paronellidae,0,0,,
161,161,161,0,0,0,0,0,0,0,Poduridae,0,0,,
162,162,162,0,0,0,0,0,0,0,Sminthuridae,0,0,,
163,163,163,7197,2,136,0,0,0,0,Tomoceridae,1,1,0.13636363636363635,0.0
164,164,164,0,0,0,0,0,0,0,Tullbergiidae,0,0,,
165,165,165,4238,135,11056,2,2,0,14,Anisolabididae,1,0,,
166,166,166,0,0,0,0,0,0,0,Apachyidae,0,0,,
167,167,167,0,0,0,0,0,0,0,Chelisochidae,0,0,,
168,168,168,7034,426,21184,0,1,0,3,Forficulidae,2,1,0.1,0.0
169,169,169,0,0,0,0,0,0,0,Labiduridae,0,0,,
170,170,170,0,0,0,0,0,0,0,Labiidae,0,0,,
171,171,171,0,0,0,0,0,0,0,Pygidicranidae,0,0,,
172,172,172,69015,117,363,1,0,0,6,Campodeidae,3,1,0.13636363636363635,0.0
173,173,173,0,0,0,0,0,0,0,Japygidae,0,0,,
174,174,174,0,0,0,0,0,0,0,Parajapygidae,0,0,,
175,175,175,0,0,0,0,0,0,0,Projapygoidea,0,0,,
176,176,176,32751,349,1365,4,0,0,19,Acartophthalmidae,2,2,0.18409090909090908,0.26034386034595614
177,177,177,186199,15112,145690,326,28,56,1363,Acroceridae,14,9,0.21263888888888888,0.4084802031786717
178,178,178,127707,6864,20094,10,3,1,48,Agromyzidae,10,6,0.06365079365079365,0.06967590451831936
179,179,179,27886,78,1331,0,1,0,0,Anisopodidae,1,1,0.3357142857142857,0.0
180,180,180,148898,11041,63296,1,6,0,13,Anthomyiidae,9,9,-0.0006613756613756482,0.2661314190860255
181,181,181,118,15,254,2,0,0,7,Anthomyzidae,1,1,0.65,0.0
182,182,182,0,0,0,0,0,0,0,Apioceridae,0,0,,
183,183,183,0,0,0,0,0,0,0,Apsilocephalidae,0,0,,
184,184,184,863332,49974,97309,169,37,11,627,Asilidae,71,48,0.29442434012746516,0.3602368171166786
185,185,185,0,0,0,0,0,0,0,Asteiidae,0,0,,
186,186,186,0,0,0,0,0,0,0,Atelestidae,0,0,,
187,187,187,0,0,0,0,0,0,0,Athericidae,0,0,,
188,188,188,0,0,0,0,0,0,0,Aulacigastridae,0,0,,
189,189,189,0,0,0,0,0,0,0,Australimyzidae,0,0,,
190,190,190,0,0,0,0,0,0,0,Austroleptidae,0,0,,
191,191,191,0,0,0,0,0,0,0,Axymyiidae,0,0,,
192,192,192,801740,48186,169042,29,39,1,193,Bibionidae,46,37,0.20657964782964783,0.22542532239810226
193,193,193,0,0,0,0,0,0,0,Blephariceridae,0,0,,
194,194,194,859354,64019,103621,36,40,1,366,Bombyliidae,76,55,0.29732189754689753,0.36524804406589834
195,195,195,0,0,0,0,0,0,0,Braulidae,0,0,,
196,196,196,703683,24093,94718,21,18,0,106,Calliphoridae,30,15,0.12212121212121212,0.1380401985609003
197,197,197,0,0,0,0,0,0,0,Canthyloscelidae,0,0,,
198,198,198,20093715,179082,173330,6313,340,45,19585,Carnidae,490,433,0.10493848966820965,0.29948162807161627
199,199,199,157554,4282,8483,5,2,0,24,Cecidomyiidae,12,7,0.3151780560709132,0.2726492105520835
200,200,200,100705,9078,4819,20,6,1,85,Ceratopogonidae,14,7,0.037012987012987004,0.21161891673224667
201,201,201,4330,482,374,0,1,0,1,Chaoboridae,1,1,0.3,0.0
202,202,202,1315569,18605,132068,20,22,0,113,Chironomidae,32,25,0.05869323593073593,0.08661820748802224
203,203,203,100503,6875,45184,11,15,1,144,Chloropidae,11,5,0.25906250000000003,0.06617617414376233
204,204,204,1803,124,66,0,0,0,12,Chyromyidae,1,1,0.0,0.0
205,205,205,0,0,0,0,0,0,0,Clusiidae,0,0,,
206,206,206,0,0,0,0,0,0,0,Coelopidae,0,0,,
207,207,207,233136,13198,49878,21,8,2,82,Conopidae,14,8,0.22679924242424243,0.24928236811337143
208,208,208,0,0,0,0,0,0,0,Corethrellidae,0,0,,
209,209,209,2347500,47001,209900,165,46,12,397,Culicidae,147,109,-0.01415502502085071,0.18002320488948528
210,210,210,0,0,0,0,0,0,0,Deuterophlebiidae,0,0,,
211,211,211,28183,851,549,0,1,0,0,Diadocidiidae,1,1,0.0,0.0
212,212,212,56427,2862,18590,61,19,11,414,Diopsidae,5,4,0.08443452380952382,0.09751317211447726
213,213,213,0,0,0,0,0,0,0,Dixidae,0,0,,
214,214,214,306908,7784,22432,9,3,0,21,Dolichopodidae,15,9,0.1210906685906686,0.12149793285664867
215,215,215,271492,5090,126309,2,3,2,41,Drosophilidae,11,9,0.28030303030303033,0.3145335578996229
216,216,216,18946,3878,3262,0,2,0,1,Dryomyzidae,2,2,0.013988095238095244,0.16120351023479032
217,217,217,194818,13229,36217,6,16,0,66,Empididae,26,22,0.3890002295684114,0.3417072502858824
218,218,218,162344,1625,1276,0,0,0,1,Ephydridae,3,3,-0.09999999999999999,0.17320508075688773
219,219,219,434,32,22,0,0,0,0,Fanniidae,1,1,0.28200000000000003,0.0
220,220,220,0,0,0,0,0,0,0,Fergusoninidae,0,0,,
221,221,221,72481,3221,1838,6,0,0,8,Glossinidae,3,2,0.0,0.0
222,222,222,0,0,0,0,0,0,0,Helcomyzidae,0,0,,
223,223,223,0,0,0,0,0,0,0,Helosciomyzidae,0,0,,
224,224,224,0,0,0,0,0,0,0,Hesperinidae,0,0,,
225,225,225,0,0,0,0,0,0,0,Heterocheilidae,0,0,,
226,226,226,0,0,0,0,0,0,0,Hilarimorphidae,0,0,,
227,227,227,33697,1455,5013,2,1,0,1,Hippoboscidae,3,3,0.16574074074074074,0.13688693394089793
228,228,228,81051,4001,13183,0,2,0,5,Hybotidae,6,6,0.01772727272727272,0.21982243021686002
229,229,229,205975,6661,4507,1,1,2,11,Keroplatidae,9,4,0.06818181818181818,0.07872958216222169
230,230,230,79028,2635,9179,12,2,0,53,Lauxaniidae,5,4,0.17140151515151514,0.19951193029635725
231,231,231,15541,2913,3893,0,1,0,2,Lonchaeidae,2,2,0.09375,0.13258252147247765
232,232,232,52002,2230,5520,6,3,0,67,Lonchopteridae,2,0,,
233,233,233,28183,851,549,0,1,0,0,Lygistorrhinidae,1,1,0.0,0.0
234,234,234,0,0,0,0,0,0,0,Marginidae,0,0,,
235,235,235,146596,4427,100711,3,6,1,69,Micropezidae,10,3,0.11481481481481483,0.19886509272087113
236,236,236,25,13,8,0,0,0,1,Milichiidae,1,1,0.16,0.0
237,237,237,555606,15438,31430,13,6,0,46,Muscidae,32,17,0.20360007639419406,0.2657045582178457
238,238,238,184407,6588,6265,5,2,0,29,Mycetophilidae,9,5,0.04026785714285714,0.17510940912988177
239,239,239,39960,4426,39121,20,19,2,340,Mydidae,6,4,0.4358723958333333,0.18909554240931006
240,240,240,143,212,81,0,1,0,2,Mythicomyiidae,1,1,0.225,0.0
241,241,241,3390,134,125,0,0,0,0,Nemestrinidae,1,0,,
242,242,242,0,0,0,0,0,0,0,Neurochaetidae,0,0,,
243,243,243,116390,5145,3865,1,5,1,20,Nycteribiidae,4,4,0.007291666666666682,0.4321347606810737
244,244,244,0,0,0,0,0,0,0,Odiniidae,0,0,,
245,245,245,48568,1182,47415,3,5,0,28,Oestridae,2,2,0.15,0.6363961030678927
246,246,246,0,0,0,0,0,0,0,Opomyzidae,0,0,,
247,247,247,13206,1779,4637,1,0,0,10,Pachyneuridae,1,1,0.20833333333333334,0.0
248,248,248,129,106,69,0,2,0,2,Pallopteridae,1,1,0.31,0.0
249,249,249,0,0,0,0,0,0,0,Pelecorhynchidae,0,0,,
250,250,250,0,0,0,0,0,0,0,Periscelididae,0,0,,
251,251,251,0,0,0,0,0,0,0,Perissommatidae,0,0,,
252,252,252,71060,3820,45044,1,4,0,55,Phoridae,10,4,-0.014346590909090913,0.13578267579661113
253,253,253,0,0,0,0,0,0,0,Piophilidae,0,0,,
254,254,254,2017,20,103,0,0,0,0,Pipunculidae,1,1,0.0909090909090909,0.0
255,255,255,0,0,0,0,0,0,0,Platypezidae,0,0,,
256,256,256,19820,3568,7467,1,0,1,7,Platystomatidae,1,1,0.30625,0.0
257,257,257,0,0,0,0,0,0,0,Pleciidae,0,0,,
258,258,258,2268,868,7136,10,1,1,70,Psilidae,1,1,0.11856060606060605,0.0
259,259,259,297385,15901,70311,41,16,6,247,Psychodidae,24,11,0.1638372359963269,0.3758023047047618
260,260,260,12299,4731,3654,1,4,0,14,Ptychopteridae,5,3,0.0,0.0
261,261,261,8019,371,3311,2,0,0,9,Pyrgotidae,1,1,0.26875000000000004,0.0
262,262,262,258518,6105,3202,0,0,0,1,Rhagionidae,5,2,0.0,0.0
263,263,263,84549,2553,1647,0,0,0,7,Rhinophoridae,3,2,0.25,0.0
264,264,264,28183,851,549,0,0,0,3,Richardiidae,1,0,,
265,265,265,495899,30067,63298,51,26,9,244,Sarcophagidae,37,27,0.35653524330607667,0.3192808145892717
266,266,266,128283,7879,12585,18,5,0,90,Scathophagidae,6,5,0.2815,0.19904145296897327
267,267,267,34405,598,46457,0,1,0,1,Scatopsidae,1,0,,
268,268,268,177914,3,56,0,0,0,0,Scenopinidae,1,0,,
269,269,269,0,0,0,0,0,0,0,Sciardoceridae,0,0,,
270,270,270,381192,5092,104909,4,9,0,46,Sciaridae,16,8,-0.015719696969696974,0.27316117620686403
271,271,271,225838,10585,45927,1,6,0,34,Sciomyzidae,11,8,0.16605113636363636,0.17705738200240803
272,272,272,150858,5982,13110,14,6,0,54,Sepsidae,6,4,0.3111607142857143,0.3508901645089682
273,273,273,392742,22761,80713,12,19,3,128,Simuliidae,26,15,0.1172276735610069,0.1783961742188444
274,274,274,0,0,0,0,0,0,0,Somatiidae,0,0,,
275,275,275,54540,3185,10660,0,1,0,3,Sphaeroceridae,2,2,-0.13194444444444445,0.1865976228131167
276,276,276,72726,7453,46697,3,9,1,51,Stratiomyidae,15,8,0.23036458333333334,0.31876353359846943
277,277,277,0,0,0,0,0,0,0,Streblidae,0,0,,
278,278,278,84549,2553,1647,0,0,0,2,Strongylophthalmyiidae,3,0,,
279,279,279,0,0,0,0,0,0,0,Synneuridae,0,0,,
280,280,280,1981016,94204,393201,134,67,14,685,Syrphidae,121,64,0.20118183465839717,0.2501554772378807
281,281,281,282307,64930,72220,12,3,1,62,Tabanidae,15,8,0.07579545454545454,0.11541101285847928
282,282,282,395861,20755,43586,43,18,2,244,Tachinidae,29,16,0.14664349972943722,0.2001730842723327
283,283,283,0,0,0,0,0,0,0,Tanyderidae,0,0,,
284,284,284,970657,11903,104576,22,15,1,144,Tephritidae,26,19,0.2041367623604466,0.17588864526184825
285,285,285,0,0,0,0,0,0,0,Thaumaleidae,0,0,,
286,286,286,50548,3285,14558,22,3,2,84,Therevidae,3,3,0.1765079365079365,0.15686941095614013
287,287,287,1309809,56017,751499,270,139,40,2613,Tipulidae,78,29,0.2510851122058019,0.3076135616451062
288,288,288,67337,7762,16119,3,3,0,25,Trichoceridae,4,4,-0.025520833333333333,0.09700931548911511
289,289,289,157404,1856,1505,1,1,0,24,Ulidiidae,6,6,0.5744949494949495,0.2649123019062251
290,290,290,0,0,0,0,0,0,0,Vermileonidae,0,0,,
291,291,291,0,0,0,0,0,0,0,Xenasteiidae,0,0,,
292,292,292,0,0,0,0,0,0,0,Xylomyidae,0,0,,
293,293,293,40836,0,10,0,0,0,0,Xylophagidae,1,0,,
294,294,294,0,0,0,0,0,0,0,Anisembiidae,0,0,,
295,295,295,0,0,0,0,0,0,0,Australembiidae,0,0,,
296,296,296,0,0,0,0,0,0,0,Clothodidae,0,0,,
297,297,297,0,0,0,0,0,0,0,Embiidae,0,0,,
298,298,298,0,0,0,0,0,0,0,Notoligotomidae,0,0,,
299,299,299,0,0,0,0,0,0,0,Oligotomidae,0,0,,
300,300,300,0,0,0,0,0,0,0,Teratembiidae,0,0,,
301,301,301,0,0,0,0,0,0,0,Acanthametropodidae,0,0,,
302,302,302,0,0,0,0,0,0,0,Ameletidae,0,0,,
303,303,303,0,0,0,0,0,0,0,Ameletopsidae,0,0,,
304,304,304,0,0,0,0,0,0,0,Ametropodidae,0,0,,
305,305,305,1511301,9598,26290,5,3,0,14,Baetidae,12,10,0.09507575757575756,0.19063407118621506
306,306,306,0,0,0,0,0,0,0,Baetiscidae,0,0,,
307,307,307,0,0,0,0,0,0,0,Behningiidae,0,0,,
308,308,308,5487378,66156,53026,5,27,0,9,Caenidae,68,3,0.0,0.0
309,309,309,0,0,0,0,0,0,0,Coloburiscidae,0,0,,
310,310,310,0,0,0,0,0,0,0,Dipteromimidae,0,0,,
311,311,311,0,0,0,0,0,0,0,Ephemerellidae,0,0,,
312,312,312,8172,789,859,0,0,0,0,Ephemeridae,1,1,0.0,0.0
313,313,313,7197,2,136,0,0,0,0,Euthyplociidae,1,1,0.13636363636363635,0.0
314,314,314,42429,734,5469,0,2,0,2,Heptageniidae,5,5,0.021787878787878783,0.18295366396675786
315,315,315,0,0,0,0,0,0,0,Ichthybotidae,0,0,,
316,316,316,3451,1607,1508,0,1,0,7,Isonychiidae,3,3,0.13854166666666667,0.1271814853205188
317,317,317,0,0,0,0,0,0,0,Leptohyphidae,0,0,,
318,318,318,39407,757,4966,0,1,0,9,Leptophlebiidae,5,5,0.15454545454545454,0.12526830708655154
319,319,319,0,0,0,0,0,0,0,Metretopodidae,0,0,,
320,320,320,0,0,0,0,0,0,0,Neoephemeridae,0,0,,
321,321,321,0,0,0,0,0,0,0,Nesameletidae,0,0,,
322,322,322,0,0,0,0,0,0,0,Oligoneuriidae,0,0,,
323,323,323,0,0,0,0,0,0,0,Oniscigastridae,0,0,,
324,324,324,0,0,0,0,0,0,0,Palingeniidae,0,0,,
325,325,325,0,0,0,0,0,0,0,Polymitarcyidae,0,0,,
326,326,326,0,0,0,0,0,0,0,Potamanthidae,0,0,,
327,327,327,680,386,536,5,4,0,24,Prosopistomatidae,3,3,0.2708333333333333,0.2366211810750114
328,328,328,0,0,0,0,0,0,0,Rallidentidae,0,0,,
329,329,329,0,0,0,0,0,0,0,Siphlaenigmatidae,0,0,,
330,330,330,0,0,0,0,0,0,0,Siphlonuridae,0,0,,
331,331,331,0,0,0,0,0,0,0,Teloganodidae,0,0,,
332,332,332,0,0,0,0,0,0,0,Tricorythidae,0,0,,
333,333,334,76163,3546,3317,2,1,1,16,Acanthosomatidae,4,1,0.0,0.0
334,334,335,0,0,0,0,0,0,0,Achilidae,0,0,,
335,335,336,0,0,0,0,0,0,0,Achilixiidae,0,0,,
336,336,337,0,0,0,0,0,0,0,Aetalionidae,0,0,,
337,337,338,0,0,0,0,0,0,0,Aleyrodoidea,0,0,,
338,338,339,284298,6991,56636,0,3,0,16,Alydidae,7,3,0.05833333333333333,0.10103629710818451
339,339,340,7101,1235,2531,0,2,0,2,Anthocoridae,3,1,-0.05,0.0
340,340,341,0,0,0,0,0,0,0,Aphelocheiridae,0,0,,
341,341,342,29138,1929,3789,0,2,0,4,Aphidoidea,7,4,0.2294034090909091,0.30669904217445815
342,342,343,12951,1959,1872,12,2,0,44,Aphrophoridae,2,1,-0.12916666666666665,0.0
343,343,344,17977,652,816,0,0,0,0,Aradidae,3,3,0.07575757575757575,0.06943296507508848
344,344,345,237936,21753,239688,34,34,18,738,Belostomatidae,26,12,0.1317939814814815,0.27856565951966694
345,345,346,2994,546,3384,0,0,0,8,Berytidae,3,2,0.0,0.0
346,346,347,7197,2,136,0,0,0,0,Caliscelidae,1,1,0.19318181818181818,0.0
347,347,348,0,0,0,0,0,0,0,Canopidae,0,0,,
348,348,349,196333,2802,41842,10,17,5,154,Cercopidae,6,3,-0.08333333333333333,0.14433756729740646
349,349,350,731778,13918,256904,107,68,16,1027,Cicadellidae,48,22,0.12889757969303423,0.20082489447071844
350,350,351,939763,71700,380114,205,70,28,816,Cicadidae,37,15,0.053585858585858584,0.14622430771126624
351,351,352,324535,3183,5053,10,4,2,2,Cimicidae,12,4,0.14583333333333331,0.10485881160098262
352,352,353,57270,652,8122,1,0,0,3,Cixiidae,4,4,0.10227272727272727,0.06818181818181818
353,353,354,6887,159,20870,1,1,0,54,Clastopteridae,1,0,,
354,354,355,101289,5277,54443,13,4,2,33,Coccoidea,9,4,-0.08536931818181817,0.3454577772850222
355,355,356,0,0,0,0,0,0,0,Colobathristidae,0,0,,
356,356,357,912600,59782,666029,77,89,13,1125,Coreidae,77,31,0.1634286412512219,0.297279874325723
357,357,358,62512,4640,8840,0,2,0,4,Corixidae,7,7,0.11788690476190476,0.3447918738043997
358,358,359,61876,3606,1882,0,2,0,7,Cydnidae,6,5,0.02727272727272727,0.06098367211363062
359,359,360,40066,6412,10995,0,1,0,7,Delphacidae,5,4,0.1789772727272727,0.2325847027200928
360,360,361,44594,385,45612,11,18,5,192,Derbidae,5,3,0.04545454545454545,0.07872958216222169
361,361,362,10016,2307,4548,1,2,0,27,Dictyopharidae,3,2,0.49375,0.15026019100214133
362,362,363,30443,3,3857,0,0,0,1,Dinidoridae,2,2,0.07954545454545453,0.01607060866333062
363,363,364,61793,1439,5449,3,2,1,12,Dipsocoridae,3,2,0.12973484848484848,0.0013392173886108843
364,364,365,0,0,0,0,0,0,0,Epipygidae,0,0,,
365,365,366,0,0,0,0,0,0,0,Enicocephalidae,0,0,,
366,366,367,0,0,0,0,0,0,0,Eurybrachyidae,0,0,,
367,367,368,22560,4862,7372,0,0,0,4,Flatidae,6,4,0.13333333333333333,0.1632993161855452
368,368,369,208257,1744,11481,75,6,2,280,Fulgoridae,13,8,-0.03700284090909091,0.287428677677954
369,369,370,0,0,0,0,0,0,0,Gelastocoridae,0,0,,
370,370,371,104493,5386,159577,9,5,3,200,Gerridae,13,10,-0.00020833333333333814,0.3031764227096775
371,371,372,0,0,0,0,0,0,0,Hebridae,0,0,,
372,372,373,0,0,0,0,0,0,0,Hermatobatidae,0,0,,
373,373,374,0,0,0,0,0,0,0,Hydrometridae,0,0,,
374,374,375,0,0,0,0,0,0,0,Hyocephalidae,0,0,,
375,375,376,0,0,0,0,0,0,0,Idiostolidae,0,0,,
376,376,377,1324,196,139,0,2,0,2,Issidae,3,2,0.0,0.0
377,377,378,0,0,0,0,0,0,0,Joppeicidae,0,0,,
378,378,379,6499,1091,182,0,0,0,2,Largidae,8,6,0.12777777777777777,0.18787308560913216
379,379,380,30443,3,3857,0,0,0,1,Leptopodidae,2,2,-0.03787878787878789,0.12320799975220145
380,380,381,0,0,0,0,0,0,0,Lestoniidae,0,0,,
381,381,382,840,306,385,6,0,0,56,Lophopidae,1,1,0.0,0.0
382,382,383,0,0,0,0,0,0,0,Lyctocoridae,0,0,,
383,383,384,246612,6959,69335,8,10,0,59,Lygaeidae,15,7,-0.05886415172129458,0.16073645381917007
384,384,385,0,0,0,0,0,0,0,Machaerotidae,0,0,,
385,385,386,0,0,0,0,0,0,0,Macroveliidae,0,0,,
386,386,387,0,0,0,0,0,0,0,Malcidae,0,0,,
387,387,388,0,0,0,0,0,0,0,Meenoplidae,0,0,,
388,388,389,331701,23568,170698,31,32,8,319,Membracidae,31,19,0.10004670767828663,0.18755561775805416
389,389,390,0,0,0,0,0,0,0,Mesoveliidae,0,0,,
390,390,391,0,0,0,0,0,0,0,Microphysidae,0,0,,
391,391,392,204611,22895,50621,5,19,0,45,Miridae,24,19,-0.016533046631730847,0.20700054457349182
392,392,393,0,0,0,0,0,0,0,Myerslopiidae,0,0,,
393,393,394,18582,4453,3527,3,3,1,15,Nabidae,2,2,0.390625,0.06629126073623882
394,394,395,15988,454,292,0,2,0,0,Naucoridae,2,2,0.025000000000000005,0.03535533905932738
395,395,396,43886,2620,22022,0,5,0,6,Nepidae,6,3,0.09999999999999999,0.458257569495584
396,396,397,0,0,0,0,0,0,0,Nogodinidae,0,0,,
397,397,398,205265,1680,5633,0,1,0,3,Notonectidae,6,5,0.16311868686868689,0.19874278033537512
398,398,399,0,0,0,0,0,0,0,Ochteridae,0,0,,
399,399,400,0,0,0,0,0,0,0,Paraphrynoveliidae,0,0,,
400,400,401,0,0,0,0,0,0,0,Peloridiidae,0,0,,
401,401,402,1393917,56897,824633,32,47,0,369,Pentatomidae,88,39,0.04711908461908462,0.1719242189125311
402,402,403,0,0,0,0,0,0,0,Phloeidae,0,0,,
403,403,404,0,0,0,0,0,0,0,Phylloxeroidea,0,0,,
404,404,405,0,0,0,0,0,0,0,Phymatidae,0,0,,
405,405,406,0,0,0,0,0,0,0,Piesmatidae,0,0,,
406,406,407,7146,56,3493,14,1,0,55,Plataspidae,2,2,0.05,0.07071067811865477
407,407,408,0,0,0,0,0,0,0,Pleidae,0,0,,
408,408,409,0,0,0,0,0,0,0,Plokiophilidae,0,0,,
409,409,410,3054,630,428,2,0,0,11,Psylloidea,2,1,0.0,0.0
410,410,411,147788,6234,81844,1,12,0,57,Pyrrhocoridae,18,12,0.1253968253968254,0.21481676220633425
411,411,412,833687,36401,439723,114,64,11,801,Reduviidae,91,47,-0.019548409628196865,0.2047728783118472
412,412,413,113757,8271,40417,6,6,1,52,Rhopalidae,11,11,0.16406565656565655,0.27440721808725044
413,413,414,6006,110,6658,1,0,0,11,Ricaniidae,2,1,0.0,0.0
414,414,415,7166,1296,1088,0,0,0,0,Saldidae,2,2,0.35,0.49497474683058323
415,415,416,30443,3,3857,0,0,0,1,Schizopteridae,2,2,0.13636363636363635,0.0
416,416,417,467764,8848,84819,36,21,3,341,Scutelleridae,18,10,0.1036111111111111,0.25806288113032444
417,417,418,1023,591,637,2,0,0,12,Stenocephalidae,1,0,,
418,418,419,7198,2,136,0,0,0,0,Termitaphididae,1,1,0.13636363636363635,0.0
419,419,420,17538,191,3407,26,2,2,129,Tessaratomidae,2,2,0.0,0.0
420,420,421,0,0,0,0,0,0,0,Tettigometridae,0,0,,
421,421,422,0,0,0,0,0,0,0,Thaumastocoridae,0,0,,
422,422,423,890085,3178,15289,13,5,1,85,Tingidae,15,12,0.05683066788535538,0.07781888764595565
423,423,424,30443,3,3857,0,0,0,1,Tropiduchidae,2,2,0.03787878787878787,0.027855721683106415
424,424,425,19,27,26,2,0,0,13,Veliidae,1,1,0.0,0.0
425,425,426,0,0,0,0,0,0,0,Velocipedidae,0,0,,
426,426,427,3417,414,399,0,0,0,5,Agaonidae,1,1,0.0,0.0
427,427,428,0,0,0,0,0,0,0,Ampulicidae,0,0,,
428,428,429,0,0,0,0,0,0,0,Anaxyelidae,0,0,,
429,429,430,289270,23276,36681,12,24,0,116,Andrenidae,36,26,0.09245271221833722,0.22296914833827744
430,430,431,17585,878,3069,6,7,0,35,Aphelinidae,7,6,-0.038293650793650796,0.24372442788898085
431,431,432,3146695,77289,271949,188,47,11,710,Apidae,150,71,0.10476246367091438,0.19173992488029
432,432,433,238416,6077,25876,0,4,0,3,Argidae,7,5,-0.13458333333333333,0.26208465818425075
433,433,434,57885,2,409,0,1,0,0,Aulacidae,2,2,0.06818181818181818,0.09642365197998375
434,434,435,104411,7567,4580,0,1,0,21,Bethylidae,7,3,0.13056739267676767,0.07666191296817383
435,435,436,0,0,0,0,0,0,0,Blasticotomidae,0,0,,
436,436,437,273454,16413,94377,18,20,4,115,Braconidae,40,23,0.07971096837944663,0.0794697556920941
437,437,438,57885,2,409,0,1,0,0,Bradynobaenidae,2,2,0.06818181818181818,0.09642365197998375
438,438,439,99487,200,2819,6,4,0,30,Cephidae,3,1,0.0,0.0
439,439,440,10310,674,946,1,6,0,13,Ceraphronidae,3,2,0.1608901515151515,0.03468573036502195
440,440,441,87369,3563,9242,5,7,0,53,Chalcididae,9,7,0.0816991341991342,0.19114459508744314
441,441,442,363121,20059,33908,19,11,1,177,Chrysididae,18,9,0.23155723905723907,0.24501303911276215
442,442,443,103409,4582,18195,0,3,0,13,Cimbicidae,9,8,0.034374999999999996,0.2572919679003442
443,443,444,42405,6914,10195,4,3,0,15,Colletidae,9,8,0.08087121212121212,0.168988039702931
444,444,445,91105,2594,28815,5,6,0,98,Crabronidae,13,5,0.18227272727272725,0.3809866486456986
445,445,446,86163,2324,1813,12,9,0,49,Cynipidae,8,5,0.18724242424242424,0.0817091304679994
446,446,447,6006,541,1303,3,1,1,14,Diapriidae,3,2,0.1464285714285714,0.20708127163320317
447,447,448,453,553,109,0,0,0,2,Diprionidae,1,0,,
448,448,449,61066,292,4032,1,0,0,2,Encyrtidae,5,4,0.08238636363636363,0.09791868147508004
449,449,450,41607,423,973,0,2,0,1,Eucharitidae,3,3,0.10309343434343433,0.1824971867170192
450,450,451,107551,14400,16639,25,4,0,169,Eulophidae,16,3,0.1416666666666667,0.24537386440559095
451,451,452,37641,5,3993,2,0,0,1,Eupelmidae,3,3,0.0909090909090909,0.07872958216222169
452,452,453,10615,416,535,0,0,0,2,Eurytomidae,2,1,0.13636363636363635,0.0
453,453,454,148243,5364,125076,28,13,4,193,Evaniidae,14,2,0.0,0.0
454,454,455,21594,6,408,0,0,0,0,Figitidae,3,3,0.1212121212121212,0.0262431940540739
455,455,456,1902888,76845,116586,82,43,10,638,Formicidae,120,68,0.0642731808632544,0.28243621399472796
456,456,457,1942,344,1034,0,0,0,3,Gasteruptiidae,1,0,,
457,457,458,641138,14643,81379,60,19,7,250,Halictidae,35,31,0.12001235715449425,0.18802709491862143
458,458,459,0,0,0,0,0,0,0,Heloridae,0,0,,
459,459,460,0,0,0,0,0,0,0,Ibaliidae,0,0,,
460,460,461,1642658,42031,309623,203,63,13,1004,Ichneumonidae,82,49,0.08138060635509616,0.179863949298361
461,461,462,1893,2431,766,0,2,0,7,Liopteridae,1,1,0.4375,0.0
462,462,463,0,0,0,0,0,0,0,Maamingidae,0,0,,
463,463,464,227252,19332,27367,33,19,2,288,Megachilidae,33,25,0.23505303030303032,0.26731262112007675
464,464,465,0,0,0,0,0,0,0,Megalodontesidae,0,0,,
465,465,466,0,0,0,0,0,0,0,Megalyridae,0,0,,
466,466,467,0,0,0,0,0,0,0,Megaspilidae,0,0,,
467,467,468,33313,5091,10274,21,4,2,106,Melittidae,8,4,0.30625,0.1328768226591831
468,468,469,679,56,2077,0,0,0,2,Monomachidae,1,0,,
469,469,470,414575,50110,178359,21,27,5,391,Mutillidae,32,18,0.07341269841269842,0.21346950061092201
470,470,471,82958,11665,15244,13,11,1,112,Mymaridae,19,14,0.14758554937126367,0.24855956671587734
471,471,472,0,0,0,0,0,0,0,Mymarommatidae,0,0,,
472,472,473,0,0,0,0,0,0,0,Orussidae,0,0,,
473,473,474,50687,0,273,0,1,0,0,Pamphiliidae,1,1,0.0,0.0
474,474,475,0,0,0,0,0,0,0,Pelecinidae,0,0,,
475,475,476,93151,3220,26841,7,2,2,25,Pergidae,3,2,-0.153125,0.3579728079756897
476,476,477,0,0,0,0,0,0,0,Perilampidae,0,0,,
477,477,478,49803,1133,2423,2,2,1,12,Platygastridae,8,7,0.10649350649350649,0.0499901603856176
478,478,479,0,0,0,0,0,0,0,Plumariidae,0,0,,
479,479,480,1011120,33298,410914,43,37,1,629,Pompilidae,54,16,0.10211292613636364,0.15680877938812843
480,480,481,0,0,0,0,0,0,0,Proctotrupidae,0,0,,
481,481,482,155351,2307,61389,10,2,0,30,Pteromalidae,10,8,0.10983270202020201,0.15193290229529285
482,482,483,0,0,0,0,0,0,0,Roproniidae,0,0,,
483,483,484,0,0,0,0,0,0,0,Rotoitidae,0,0,,
484,484,485,32919,2872,5011,2,0,0,20,Sapygidae,3,2,0.5018518518518519,0.704487867182153
485,485,486,685962,445,5842,3,1,0,10,Scelionidae,3,2,0.024999999999999994,0.10606601717798213
486,486,487,0,0,0,0,0,0,0,Scolebythidae,0,0,,
487,487,488,263401,2051,95838,2,3,1,36,Scoliidae,5,0,,
488,488,489,162390,1978,12210,2,1,0,3,Siricidae,2,0,,
489,489,490,0,0,0,0,0,0,0,Sierolomorphidae,0,0,,
490,490,491,165302,6860,182712,65,64,21,992,Sphecidae,20,5,0.06298701298701298,0.08752996258314086
491,491,492,9235,654,611,0,0,0,0,Stenotritidae,1,1,0.05,0.0
492,492,493,142863,4866,10711,1,1,0,6,Stephanidae,3,1,0.06818181818181818,0.0
493,493,494,291508,2913,10930,0,2,0,18,Tenthredinidae,10,8,0.08731060606060606,0.08009217395931426
494,494,495,0,0,0,0,0,0,0,Tetracampidae,0,0,,
495,495,496,23343,3,139,0,0,0,0,Tiphiidae,2,1,0.13636363636363635,0.0
496,496,497,5189,309,2946,0,1,0,11,Torymidae,3,2,0.13333333333333333,0.18856180831641267
497,497,498,39442,1130,1797,1,0,0,2,Trichogrammatidae,2,1,0.0,0.0
498,498,499,0,0,0,0,0,0,0,Trigonalidae,0,0,,
499,499,500,0,0,0,0,0,0,0,Vanhorniidae,0,0,,
500,500,501,4566707,123081,461959,65,131,8,601,Vespidae,202,81,0.10050383686957762,0.18093014197289053
501,501,502,7198,2,136,0,0,0,0,Xiphydriidae,1,1,0.19318181818181818,0.0
502,502,503,725,417,757,0,1,0,2,Xyelidae,1,1,0.125,0.0
503,503,504,573,44,132,1,0,0,2,Hodotermitidae,1,1,-0.09166666666666667,0.0
504,504,505,82967,2028,1247,1,2,0,7,Kalotermitidae,3,1,-0.09166666666666667,0.0
505,505,506,573,44,132,1,0,0,2,Mastotermitidae,1,1,-0.09166666666666667,0.0
506,506,507,19597,903,3270,1,1,0,4,Rhinotermitidae,4,4,-0.17291666666666666,0.2879826865937912
507,507,508,30854,1232,255,0,0,0,0,Serritermitidae,1,0,,
508,508,509,152899,8716,4258,1,3,0,1,Termitidae,6,2,0.08607142857142858,0.1217233816185414
509,509,510,0,0,0,0,0,0,0,Termopsidae,0,0,,
510,510,511,0,0,0,0,0,0,0,Acanthopteroctetidae,0,0,,
511,511,512,0,0,0,0,0,0,0,Acrolophidae,0,0,,
512,512,513,284771,13728,34680,14,7,1,74,Adelidae,13,9,0.13042929292929292,0.171626442905805
513,513,514,0,0,0,0,0,0,0,Agathiphagidae,0,0,,
514,514,515,0,0,0,0,0,0,0,Agonoxenidae,0,0,,
515,515,516,0,0,0,0,0,0,0,Aididae,0,0,,
516,516,517,223733,2634,3422,0,5,1,4,Alucitidae,11,2,0.0,0.0
517,517,518,0,0,0,0,0,0,0,Amphisbatidae,0,0,,
518,518,519,0,0,0,0,0,0,0,Andesianidae,0,0,,
519,519,520,0,0,0,0,0,0,0,Anomoeotidae,0,0,,
520,520,521,50,99,138,4,0,0,19,Anthelidae,1,1,0.475,0.0
521,521,522,0,0,0,0,0,0,0,Apatelodidae,0,0,,
522,522,523,78614,5703,13596,5,5,0,44,Arctiidae,7,2,0.06818181818181818,0.09642365197998375
523,523,524,0,0,0,0,0,0,0,Argyresthiidae,0,0,,
524,524,525,0,0,0,0,0,0,0,Arrhenophanidae,0,0,,
525,525,526,30443,3,3857,0,0,0,0,Autostichidae,2,2,0.06818181818181818,0.09642365197998375
526,526,527,0,0,0,0,0,0,0,Batrachedridae,0,0,,
527,527,528,0,0,0,0,0,0,0,Bedelliidae,0,0,,
528,528,529,40651,0,184,0,0,0,0,Blastobasidae,1,1,0.0,0.0
529,529,530,6937,499,20872,0,1,0,6,Bombycidae,2,1,0.48750000000000004,0.0
530,530,531,0,0,0,0,0,0,0,Brachodidae,0,0,,
531,531,532,160556,6869,70083,36,4,1,97,Brahmaeidae,3,0,,
532,532,533,32386,4,3867,0,0,0,0,Bucculatricidae,3,3,0.0909090909090909,0.07872958216222169
533,533,534,0,0,0,0,0,0,0,Callidulidae,0,0,,
534,534,535,0,0,0,0,0,0,0,Carposinidae,0,0,,
535,535,536,0,0,0,0,0,0,0,Carthaeidae,0,0,,
536,536,537,818371,3816,16053,2,3,0,7,Castniidae,11,2,0.0,0.0
537,537,538,0,0,0,0,0,0,0,Choreutidae,0,0,,
538,538,539,0,0,0,0,0,0,0,Cimeliidae,0,0,,
539,539,540,103539,3,4072,0,0,0,1,Coleophoridae,5,5,0.0008522727272727258,0.013609704053413049
540,540,541,0,0,0,0,0,0,0,Copromorphidae,0,0,,
541,541,542,15474,811,811,7,1,0,15,Cosmopterigidae,3,3,0.08872655122655122,0.08250985178191567
542,542,543,8975,912,3821,1,2,0,3,Cossidae,3,3,0.07373737373737373,0.06004156299437472
543,543,544,508694,17399,67004,32,12,5,286,Crambidae,33,26,0.07853812853812854,0.2183174670422941
544,544,545,0,0,0,0,0,0,0,Crinopterygidae,0,0,,
545,545,546,13906,3580,1800,8,5,4,48,Cyclotornidae,2,2,0.022222222222222213,0.2435590024086997
546,546,547,870423,11185,57968,29,12,1,193,Dalceridae,13,4,0.16458333333333336,0.193693988319491
547,547,548,0,0,0,0,0,0,0,Deoclonidae,0,0,,
548,548,549,0,0,0,0,0,0,0,Deuterogoniidae,0,0,,
549,549,550,0,0,0,0,0,0,0,Douglasiidae,0,0,,
550,550,551,242086,18048,23687,15,8,1,121,Drepanidae,9,3,0.08333333333333333,0.14433756729740646
551,551,552,0,0,0,0,0,0,0,Dudgeoneidae,0,0,,
552,552,553,35,95,28,0,1,0,0,Elachistidae,1,1,0.0,0.0
553,553,554,0,0,0,0,0,0,0,Endromidae,0,0,,
554,554,555,36987,1313,4940,1,0,0,1,Epicopeiidae,4,4,0.13636363636363635,0.0
555,555,556,13906,3580,1800,7,4,4,45,Epipyropidae,2,2,0.1790674603174603,0.02174633950077674
556,556,557,0,0,0,0,0,0,0,Eriocottidae,0,0,,
557,557,558,44359,195,492,5,0,0,38,Eriocraniidae,2,1,0.0,0.0
558,558,559,0,0,0,0,0,0,0,Eupterotidae,0,0,,
559,559,560,134288,5853,11013,1,2,0,22,Gelechiidae,14,12,0.10750561167227835,0.1897206576669454
560,560,561,1273522,103489,324224,73,55,13,605,Geometridae,73,40,0.059529175685425685,0.23802818851587135
561,561,562,0,0,0,0,0,0,0,Glyphidoceridae,0,0,,
562,562,563,0,0,0,0,0,0,0,Glyphipterigidae,0,0,,
563,563,564,224986,1185,1884,37,9,5,224,Gracillariidae,6,5,-0.038181818181818185,0.12697204742165213
564,564,565,0,0,0,0,0,0,0,Hedylidae,0,0,,
565,565,566,14828,2754,3054,4,0,0,39,Heliozelidae,4,3,0.14772727272727273,0.1310518476667136
566,566,567,94128,14647,19262,7,1,1,57,Hepialidae,10,10,0.16016666666666668,0.36233506251929887
567,567,568,206660,7669,73133,12,11,0,95,Hesperiidae,20,6,0.17637310606060608,0.2433197368478436
568,568,569,0,0,0,0,0,0,0,Heterobathmiidae,0,0,,
569,569,570,0,0,0,0,0,0,0,Heterogynidae,0,0,,
570,570,571,0,0,0,0,0,0,0,Himantopteridae,0,0,,
571,571,572,0,0,0,0,0,0,0,Hyblaeidae,0,0,,
572,572,573,48199,428,624,0,1,0,2,Immidae,2,1,0.0,0.0
573,573,574,33168,2463,4748,3,4,0,17,Incurvariidae,2,2,0.0,0.0
574,574,575,0,0,0,0,0,0,0,Lacturidae,0,0,,
575,575,576,75020,4428,21513,34,7,8,241,Lasiocampidae,20,14,0.19149659863945578,0.28322359786761375
576,576,577,139630,9,361,0,0,0,0,Lecithoceridae,5,5,0.02727272727272727,0.06098367211363062
577,577,578,0,0,0,0,0,0,0,Lemoniidae,0,0,,
578,578,579,1120147,207788,635174,1103,204,175,3549,Limacodidae,51,26,0.002813159063159063,0.09532119980768262
579,579,580,1156109,31410,57417,172,30,7,768,Lycaenidae,66,36,0.11817310004810005,0.21486949816389736
580,580,581,69691,2553,14826,0,1,0,16,Lymantriidae,7,6,0.1388888888888889,0.25448295438805735
581,581,582,310,2246,512,3,1,0,12,Lyonetiidae,2,0,,
582,582,583,71952,1752,74136,9,7,1,200,Megalopygidae,12,2,0.0,0.0
583,583,584,522133,29412,42664,6,32,1,219,Micropterigidae,120,17,0.00802139037433155,0.033073039777681765
584,584,585,9215,22,239,0,0,0,0,Mimallonidae,2,2,0.13636363636363635,0.0
585,585,586,0,0,0,0,0,0,0,Mirinidae,0,0,,
586,586,587,0,0,0,0,0,0,0,Mnesarchaeidae,0,0,,
587,587,588,12520,2363,2620,0,0,0,22,Momphidae,1,1,0.1,0.0
588,588,589,0,0,0,0,0,0,0,Neopseustidae,0,0,,
589,589,590,10619,1323,1662,10,5,0,87,Nepticulidae,5,5,-0.016212121212121212,0.07261196667434291
590,590,591,2271414,140129,318221,17,49,1,159,Noctuidae,103,67,0.0789608707006095,0.1338444075711887
591,591,592,175950,39045,52223,14,5,0,130,Notodontidae,13,10,0.203125,0.28776029883104676
592,592,593,2618137,141713,584839,445,60,13,1900,Nymphalidae,124,82,0.0743106080910959,0.19428753383881517
593,593,594,9958,202,326,1,1,0,0,Oecophoridae,2,2,0.11818181818181818,0.02571297386132899
594,594,595,2287,1018,683,3,2,0,25,Opostegidae,1,1,-0.05,0.0
595,595,596,0,0,0,0,0,0,0,Palaephatidae,0,0,,
596,596,597,453818,20760,188027,296,44,19,1433,Papilionidae,51,25,0.06365584415584415,0.1610444937828682
597,597,598,0,0,0,0,0,0,0,Peleopodidae,0,0,,
598,598,599,38612171,181677,934526,50,26,9,213,Pieridae,166,137,0.04867955888393845,0.17180842270555868
599,599,600,27479,844,1064,0,0,0,0,Plutellidae,5,5,0.02727272727272727,0.06098367211363062
600,600,601,253,146,63,0,0,0,4,Prodoxidae,1,1,0.0,0.0
601,601,602,0,0,0,0,0,0,0,Prototheoridae,0,0,,
602,602,603,29482294,64871,160796,37,62,11,260,Psychidae,69,10,0.08622222222222223,0.1539178673076755
603,603,604,0,0,0,0,0,0,0,Pterolonchidae,0,0,,
604,604,605,343695,9097,319737,12,13,2,124,Pterophoridae,19,9,0.0710575998075998,0.17419597610135062
605,605,606,2151228,35609,54212,9,6,0,23,Pyralidae,18,12,0.041666666666666664,0.2775706298322186
606,606,607,194298,8626,31595,18,5,1,141,Riodinidae,12,8,0.042965367965367963,0.1980047639722949
607,607,608,0,0,0,0,0,0,0,Roeslerstammiidae,0,0,,
608,608,609,1852519,54825,250238,198,77,20,1531,Saturniidae,71,39,0.14789398101898102,0.24616254713026967
609,609,610,0,0,0,0,0,0,0,Sematuridae,0,0,,
610,610,611,305334,48663,68823,59,8,1,891,Sesiidae,28,5,0.003636363636363632,0.1958610993738519
611,611,612,0,0,0,0,0,0,0,Somabrachyidae,0,0,,
612,612,613,1292996,148621,600450,303,88,45,1585,Sphingidae,88,40,0.11125158955627705,0.24418680506290377
613,613,614,3893,175,3478,11,1,0,39,Thyrididae,2,2,0.0,0.0
614,614,615,144567,8958,55501,3,7,3,93,Tineidae,16,7,0.05418831168831169,0.1287091761475255
615,615,616,0,0,0,0,0,0,0,Tineodidae,0,0,,
616,616,617,378,101,281,5,0,0,17,Tischeriidae,1,1,-0.025,0.0
617,617,618,962092,63994,59953,5,2,0,10,Tortricidae,32,29,0.029239364084191668,0.10930204818696679
618,618,619,6475,866,3619,31,1,3,152,Uraniidae,3,2,0.07916666666666666,0.11195857368787002
619,619,620,43854,3826,902029,54,3,1,72,Urodidae,5,1,0.21212121212121213,0.0
620,620,621,0,0,0,0,0,0,0,Xyloryctidae,0,0,,
621,621,622,7392,142,2527,33,7,4,232,Yponomeutidae,3,3,-0.015467171717171718,0.06012842485474489
622,622,623,0,0,0,0,0,0,0,Ypsolophidae,0,0,,
623,623,624,252794,21289,77979,52,15,9,254,Zygaenidae,11,7,-0.0630952380952381,0.41443449709327096
624,624,625,212871,0,184,0,0,0,0,Acanthopidae,1,1,0.0,0.0
625,625,626,0,0,0,0,0,0,0,Amorphoscelidae,0,0,,
626,626,627,0,0,0,0,0,0,0,Chaeteessidae,0,0,,
627,627,628,11800,694,1007,12,6,3,22,Empusidae,26,9,-0.027777777777777776,0.08333333333333333
628,628,629,0,0,0,0,0,0,0,Eremiaphilidae,0,0,,
629,629,630,548427,58584,206820,106,13,9,405,Hymenopodidae,15,11,0.05555555555555555,0.12362827596178776
630,630,631,0,0,0,0,0,0,0,Iridopterygidae,0,0,,
631,631,632,6155,1467,6518,7,5,2,31,Liturgusidae,1,1,0.0,0.0
632,632,633,873327,338937,507272,55,24,5,196,Mantidae,32,19,0.08613769271664008,0.3635494784779597
633,633,634,0,0,0,0,0,0,0,Mantoididae,0,0,,
634,634,635,0,0,0,0,0,0,0,Metallyticidae,0,0,,
635,635,636,0,0,0,0,0,0,0,Paraoxypilidae,0,0,,
636,636,637,0,0,0,0,0,0,0,Sibyllidae,0,0,,
637,637,638,10907,1436,226,0,1,0,0,Tarachodidae,1,0,,
638,638,639,9188041,220332,655593,465,433,6,3749,Thespidae,500,453,0.18364107957133619,0.3230646692540804
639,639,640,0,0,0,0,0,0,0,Toxoderidae,0,0,,
640,640,642,0,0,0,0,0,0,0,Apteropanorpidae,0,0,,
641,641,643,6888,159,20872,14,10,1,183,Bittacidae,1,0,,
642,642,644,25,59,77,0,0,0,6,Boreidae,1,1,0.12777777777777777,0.0
643,643,645,0,0,0,0,0,0,0,Choristidae,0,0,,
644,644,646,13939,440,4936,17,0,0,68,Meropeidae,1,0,,
645,645,647,0,0,0,0,0,0,0,Nannochoristidae,0,0,,
646,646,648,8034,614,12460,0,1,0,3,Panorpidae,1,0,,
647,647,649,0,0,0,0,0,0,0,Panorpodidae,0,0,,
648,648,650,41494,8729,18718,4,6,0,39,Corydalidae,7,5,0.2728333333333333,0.2576385819105688
649,649,651,20085,1420,1568,2,2,1,10,Sialidae,5,2,0.6392857142857143,0.22728432252424743
650,650,652,156156,4881,10304,0,10,0,34,Ascalaphidae,16,3,0.24609375,0.4262468784251534
651,651,653,27120,497,562,0,1,0,0,Berothidae,1,0,,
652,652,654,295839,10472,210692,21,21,7,234,Chrysopidae,28,10,0.05227272727272727,0.27736171779411867
653,653,655,49143,500,1686,0,1,0,2,Coniopterygidae,3,2,0.35,0.49497474683058323
654,654,656,49326,6959,4780,6,1,0,20,Hemerobiidae,5,4,0.08229166666666667,0.12612342389721093
655,655,657,38375,3,4226,0,0,0,0,Ithonidae,3,3,0.0909090909090909,0.07872958216222169
656,656,658,237745,11854,112965,80,32,17,640,Mantispidae,21,9,0.14166666666666666,0.32787192621510003
657,657,659,145125,6728,132344,45,25,6,529,Myrmeleontidae,20,6,0.1416277356902357,0.1474211134232514
658,658,660,12712,3597,5209,1,3,0,18,Nemopteridae,4,3,0.13777777777777778,0.1247367598555424
659,659,661,72,41,40,0,1,0,0,Nevrorthidae,1,0,,
660,660,662,353,388,378,0,0,0,1,Nymphidae,1,0,,
661,661,663,35897,1251,13183,3,1,0,14,Osmylidae,3,2,0.1,0.14142135623730953
662,662,664,0,0,0,0,0,0,0,Polystoechotidae,0,0,,
663,663,665,0,0,0,0,0,0,0,Psychopsidae,0,0,,
664,664,666,8019,371,3311,6,0,0,22,Sisyridae,1,1,-0.3,0.0
665,665,667,47483,2914,2487,2,0,0,13,Aeshnidae,4,3,0.031746031746031744,0.0549857399228215
666,666,668,0,0,0,0,0,0,0,Austropetaliidae,0,0,,
667,667,669,0,0,0,0,0,0,0,Chlorogomphidae,0,0,,
668,668,670,7694,162,175,0,1,0,0,Cordulegastridae,1,1,0.2,0.0
669,669,671,0,0,0,0,0,0,0,Corduliidae,0,0,,
670,670,672,67208,41,3963,0,0,0,0,Gomphidae,4,3,0.05808080808080807,0.1005989105406166
671,671,673,15997002,663068,1028457,10,210,2,517,Libellulidae,500,32,-0.0234375,0.1023784684709222
672,672,674,65414,2,308,0,0,0,0,Macromiidae,2,1,0.0,0.0
673,673,675,0,0,0,0,0,0,0,Neopetaliidae,0,0,,
674,674,676,10801,5021,471,0,12,0,14,Petaluridae,34,8,0.0,0.0
675,675,677,1425,1,448,15,3,0,30,Synthemistidae,1,1,-0.0011904761904761862,0.0
676,676,678,0,0,0,0,0,0,0,Epiophlebiidae,0,0,,
677,677,679,0,0,0,0,0,0,0,Amphyipterygidae,0,0,,
678,678,680,44208,361,7356,15,0,1,62,Calopterygidae,5,4,0.059659090909090905,0.16205437945586798
679,679,681,33055,0,83,0,0,0,0,Chlorocyphidae,1,1,0.0,0.0
680,680,682,0,0,0,0,0,0,0,Chorismagrionidae,0,0,,
681,681,683,55193,3501,5306,1,2,0,4,Coenagrionidae,10,7,0.021266233766233766,0.05096652893830313
682,682,684,0,0,0,0,0,0,0,Dicteriadidae,0,0,,
683,683,685,0,0,0,0,0,0,0,Diphlebiidae,0,0,,
684,684,686,0,0,0,0,0,0,0,Euphaeidae,0,0,,
685,685,687,0,0,0,0,0,0,0,Hemiphlebiidae,0,0,,
686,686,688,3142633,25170,39091,6,59,0,136,Isostictidae,76,13,0.0,0.0
687,687,689,8812,464,998,0,0,0,1,Lestidae,2,2,-0.16083333333333333,0.13317177712346645
688,688,690,0,0,0,0,0,0,0,Megapodagrionidae,0,0,,
689,689,691,0,0,0,0,0,0,0,Perilestidae,0,0,,
690,690,692,45757,1671,4582,0,1,0,0,Platycnemididae,4,3,0.0025883838383838342,0.05639690200995781
691,691,693,0,0,0,0,0,0,0,Platystictidae,0,0,,
692,692,694,0,0,0,0,0,0,0,Polythoridae,0,0,,
693,693,695,0,0,0,0,0,0,0,Protoneuridae,0,0,,
694,694,696,0,0,0,0,0,0,0,Pseudolestidae,0,0,,
695,695,697,0,0,0,0,0,0,0,Pseudostigmatidae,0,0,,
696,696,698,4406,232,499,0,0,0,0,Synlestidae,1,1,-0.09999999999999999,0.0
697,697,699,374973,50511,103372,29,16,3,139,Acrididae,33,18,0.04755591630591631,0.09877544220599238
698,698,700,0,0,0,0,0,0,0,Chorotypidae,0,0,,
699,699,701,0,0,0,0,0,0,0,Cylindrachetidae,0,0,,
700,700,702,0,0,0,0,0,0,0,Episactidae,0,0,,
701,701,703,34298,2457,892532,35,2,0,64,Eumastacidae,8,3,0.0,0.0
702,702,704,0,0,0,0,0,0,0,Euschmidtiidae,0,0,,
703,703,705,0,0,0,0,0,0,0,Lentulidae,0,0,,
704,704,706,3156,1606,1361,2,2,0,10,Pamphagidae,2,2,0.2791666666666667,0.14731391274719738
705,705,707,0,0,0,0,0,0,0,Pneumoridae,0,0,,
706,706,708,24407,947,21047,0,6,0,28,Proscopiidae,8,2,0.0,0.0
707,707,709,145278,2420,2972,0,0,0,1,Pyrgomorphidae,7,0,,
708,708,710,0,0,0,0,0,0,0,Rhipipterygidae,0,0,,
709,709,711,10979,4194,43394,23,10,2,230,Romaleidae,5,0,,
710,710,712,0,0,0,0,0,0,0,Tanaoceridae,0,0,,
711,711,713,13961,1231,10072,18,2,1,109,Tetrigidae,5,3,0.17525252525252524,0.1743697382921657
712,712,714,0,0,0,0,0,0,0,Thericleidae,0,0,,
713,713,715,0,0,0,0,0,0,0,Tridactylidae,0,0,,
714,714,716,2961,2029,9989,26,5,1,200,Trigonopterygidae,2,2,0.01785714285714286,0.02525381361380527
715,715,717,0,0,0,0,0,0,0,Xyronotidae,0,0,,
716,716,718,64531,63,10269,1,0,0,2,Anostostomatidae,3,3,0.1962121212121212,0.3122857392198853
717,717,719,2803,576,9632,8,1,0,77,Gryllacrididae,1,1,0.0,0.0
718,718,720,3036362,26086,13582,1,7,2,47,Gryllidae,29,17,0.10910364145658263,0.22060616812750203
719,719,721,182439,5768,298851,1,3,1,36,Gryllotalpidae,8,4,0.13718434343434344,0.19351974965301272
720,720,722,0,0,0,0,0,0,0,Myrmecophilidae,0,0,,
721,721,723,0,0,0,0,0,0,0,Prophalangopsidae,0,0,,
722,722,724,33611,358,192,0,0,0,0,Rhaphidophoridae,2,2,-0.08049242424242423,0.0018749043440552616
723,723,725,1798389,123525,198728,11,3,0,36,Stenopelmatidae,22,19,0.05881578947368421,0.15084569107077564
724,724,726,334668,11064,30969,15,13,1,65,Tettigoniidae,29,10,0.03375000000000001,0.1578642837728444
725,725,727,0,0,0,0,0,0,0,Agathemeridae,0,0,,
726,726,728,0,0,0,0,0,0,0,Aschiphasmatidae,0,0,,
727,727,729,0,0,0,0,0,0,0,Bacillidae,0,0,,
728,728,730,13067,2669,2197,1,0,0,6,Diapheromeridae,3,2,0.09943181818181818,0.05222947815582452
729,729,731,715,195,28,0,0,0,1,Heteronemiidae,1,0,,
730,730,732,0,0,0,0,0,0,0,Heteropterygidae,0,0,,
731,731,733,124482,3945,6400,1,3,0,5,Phasmatidae,8,6,0.07920875420875421,0.13841716647500246
732,732,734,208029,37282,714253,287,13,14,1394,Phylliidae,16,5,0.2380909090909091,0.16883301447542629
733,733,735,6993,281,8347,4,2,0,11,Pseudophasmatidae,1,0,,
734,734,736,0,0,0,0,0,0,0,Timematidae,0,0,,
735,735,737,0,0,0,0,0,0,0,Boopidae,0,0,,
736,736,738,49121,840,23819,0,0,0,12,Echinophthiriidae,1,1,0.0,0.0
737,737,739,0,0,0,0,0,0,0,Gyropidae,0,0,,
738,738,740,0,0,0,0,0,0,0,Haematomyzidae,0,0,,
739,739,741,0,0,0,0,0,0,0,Heptapsogasteridae,0,0,,
740,740,742,0,0,0,0,0,0,0,Hoplopleuridae,0,0,,
741,741,743,0,0,0,0,0,0,0,Laemobothriidae,0,0,,
742,742,744,0,0,0,0,0,0,0,Linognathidae,0,0,,
743,743,745,0,0,0,0,0,0,0,Menoponidae,0,0,,
744,744,746,0,0,0,0,0,0,0,Pedicinidae,0,0,,
745,745,747,748691,1090,5768,16,2,0,17,Pediculidae,4,1,0.0,0.0
746,746,748,84597,3379,18427,7,0,1,15,Philopteridae,5,5,0.11931818181818181,0.018737082327092217
747,747,749,0,0,0,0,0,0,0,Polyplacidae,0,0,,
748,748,750,0,0,0,0,0,0,0,Pthiridae,0,0,,
749,749,751,0,0,0,0,0,0,0,Ricinidae,0,0,,
750,750,752,0,0,0,0,0,0,0,Trichodectidae,0,0,,
751,751,753,318,94,235,0,0,0,1,Austroperlidae,1,1,0.14285714285714285,0.0
752,752,754,160776,3339,1561,0,1,0,3,Capniidae,1,1,0.16666666666666666,0.0
753,753,755,48682969,129879,2723996,5,1,0,35,Chloroperlidae,11,2,-0.06060606060606061,0.08570991287109668
754,754,756,74,40,204,0,1,0,1,Diamphipnoidae,1,1,0.53125,0.0
755,755,757,0,0,0,0,0,0,0,Eustheniidae,0,0,,
756,756,758,643,2094,672,0,0,0,2,Gripopterygidae,2,2,0.07142857142857142,0.10101525445522107
757,757,759,89836,3584,9821,2,1,0,16,Leuctridae,10,8,0.04588068181818182,0.2510117789790861
758,758,760,105993,1914,10514,3,1,0,31,Nemouridae,8,5,0.1009090909090909,0.09482476225749308
759,759,761,0,0,0,0,0,0,0,Notonemouridae,0,0,,
760,760,762,47,25,3,0,0,0,0,Peltoperlidae,1,0,,
761,761,763,707623,20056,21261,2,3,0,10,Perlidae,52,4,0.022727272727272724,0.04545454545454545
762,762,764,42406,693,5460,0,0,0,1,Perlodidae,3,3,0.26136363636363635,0.23205202109843337
763,763,765,0,0,0,0,0,0,0,Pteronarcyidae,0,0,,
764,764,766,0,0,0,0,0,0,0,Scopuridae,0,0,,
765,765,767,0,0,0,0,0,0,0,Styloperlidae,0,0,,
766,766,768,30443,3,3857,0,0,0,0,Taeniopterygidae,2,2,0.13636363636363635,0.0
767,767,769,0,0,0,0,0,0,0,Acerentomidae,0,0,,
768,768,770,0,0,0,0,0,0,0,Berberentomidae,0,0,,
769,769,771,40651,0,184,0,0,0,0,Eosentomidae,1,1,0.0,0.0
770,770,772,0,0,0,0,0,0,0,Fujientomidae,0,0,,
771,771,773,0,0,0,0,0,0,0,Hesperentomidae,0,0,,
772,772,774,0,0,0,0,0,0,0,Sinentomidae,0,0,,
773,773,775,0,0,0,0,0,0,0,Amphientomidae,0,0,,
774,774,776,0,0,0,0,0,0,0,Amphipsocidae,0,0,,
775,775,777,0,0,0,0,0,0,0,Archipsocidae,0,0,,
776,776,778,0,0,0,0,0,0,0,Asiopsocidae,0,0,,
777,777,779,0,0,0,0,0,0,0,Caeciliusidae,0,0,,
778,778,780,0,0,0,0,0,0,0,Calopsocidae,0,0,,
779,779,781,0,0,0,0,0,0,0,Compsocidae,0,0,,
780,780,782,0,0,0,0,0,0,0,Dasydemellidae,0,0,,
781,781,783,0,0,0,0,0,0,0,Ectopsocidae,0,0,,
782,782,784,0,0,0,0,0,0,0,Electrentomidae,0,0,,
783,783,785,0,0,0,0,0,0,0,Elipsocidae,0,0,,
784,784,786,0,0,0,0,0,0,0,Epipsocidae,0,0,,
785,785,787,0,0,0,0,0,0,0,Hemipsocidae,0,0,,
786,786,788,0,0,0,0,0,0,0,Lachesillidae,0,0,,
787,787,789,0,0,0,0,0,0,0,Lepidopsocidae,0,0,,
788,788,790,0,0,0,0,0,0,0,Liposcelididae,0,0,,
789,789,791,0,0,0,0,0,0,0,Mesopsocidae,0,0,,
790,790,792,0,0,0,0,0,0,0,Musapsocidae,0,0,,
791,791,793,0,0,0,0,0,0,0,Myopsocidae,0,0,,
792,792,794,0,0,0,0,0,0,0,Pachytroctidae,0,0,,
793,793,795,0,0,0,0,0,0,0,Peripsocidae,0,0,,
794,794,796,0,0,0,0,0,0,0,Philotarsidae,0,0,,
795,795,797,0,0,0,0,0,0,0,Prionoglarididae,0,0,,
796,796,798,0,0,0,0,0,0,0,Pseudocaeciliidae,0,0,,
797,797,799,0,0,0,0,0,0,0,Psilopsocidae,0,0,,
798,798,800,36108,9009,9001,0,1,0,1,Psocidae,1,1,0.01666666666666667,0.0
799,799,801,0,0,0,0,0,0,0,Psoquillidae,0,0,,
800,800,802,0,0,0,0,0,0,0,Psyllipsocidae,0,0,,
801,801,803,0,0,0,0,0,0,0,Sphaeropsocidae,0,0,,
802,802,804,0,0,0,0,0,0,0,Stenopsocidae,0,0,,
803,803,805,0,0,0,0,0,0,0,Trichopsocidae,0,0,,
804,804,806,0,0,0,0,0,0,0,Troctopsocidae,0,0,,
805,805,807,0,0,0,0,0,0,0,Trogiidae,0,0,,
806,806,808,0,0,0,0,0,0,0,Inocelliidae,0,0,,
807,807,809,78005,2521,12879,0,0,0,2,Raphidiidae,3,3,-0.022222222222222202,0.03849001794597502
808,808,810,0,0,0,0,0,0,0,Ceratophyllidae,0,0,,
809,809,811,0,0,0,0,0,0,0,Chimaeropsyllidae,0,0,,
810,810,812,0,0,0,0,0,0,0,Coptopsyllidae,0,0,,
811,811,813,0,0,0,0,0,0,0,Ctenophthalmidae,0,0,,
812,812,814,0,0,0,0,0,0,0,Hystrichopsyllidae,0,0,,
813,813,815,0,0,0,0,0,0,0,Ischnopsyllidae,0,0,,
814,814,816,0,0,0,0,0,0,0,Leptopsyllidae,0,0,,
815,815,817,0,0,0,0,0,0,0,Lycopsyllidae,0,0,,
816,816,818,0,0,0,0,0,0,0,Macropsyllidae,0,0,,
817,817,819,0,0,0,0,0,0,0,Pulicidae,0,0,,
818,818,820,0,0,0,0,0,0,0,Pygiopsyllidae,0,0,,
819,819,821,0,0,0,0,0,0,0,Rhopalopsyllidae,0,0,,
820,820,822,0,0,0,0,0,0,0,Stephanocircidae,0,0,,
821,821,823,0,0,0,0,0,0,0,Stivaliidae,0,0,,
822,822,824,0,0,0,0,0,0,0,Vermipsyllidae,0,0,,
823,823,826,0,0,0,0,0,0,0,Aeolothripidae,0,0,,
824,824,827,0,0,0,0,0,0,0,Heterothripidae,0,0,,
825,825,828,44421,4159,5993,0,0,0,0,Phlaeothripidae,3,3,0.028219696969696964,0.054380471764838435
826,826,829,146823,1115,1042,0,0,0,2,Thripidae,5,4,0.025,0.05
827,827,830,0,0,0,0,0,0,0,Anomalopsychidae,0,0,,
828,828,831,0,0,0,0,0,0,0,Apataniidae,0,0,,
829,829,832,0,0,0,0,0,0,0,Atriplectididae,0,0,,
830,830,833,0,0,0,0,0,0,0,Beraeidae,0,0,,
831,831,834,0,0,0,0,0,0,0,Brachycentridae,0,0,,
832,832,835,98277,1179,4389,2,2,3,11,Calamoceratidae,4,4,0.0872159090909091,0.10539581289611584
833,833,836,0,0,0,0,0,0,0,Calocidae,0,0,,
834,834,837,0,0,0,0,0,0,0,Chathamiidae,0,0,,
835,835,838,0,0,0,0,0,0,0,Conoesucidae,0,0,,
836,836,839,0,0,0,0,0,0,0,Dipseudopsidae,0,0,,
837,837,840,0,0,0,0,0,0,0,Ecnomidae,0,0,,
838,838,841,13481,2857,2741,1,1,0,1,Glossosomatidae,1,1,0.05,0.0
839,839,842,0,0,0,0,0,0,0,Goeridae,0,0,,
840,840,843,0,0,0,0,0,0,0,Helicophidae,0,0,,
841,841,844,13869,1361,489,1,1,0,1,Helicopsychidae,1,0,,
842,842,845,3583,648,544,0,0,0,0,Hydrobiosidae,1,1,0.7,0.0
843,843,846,151628,8488,24099,0,4,2,6,Hydropsychidae,4,2,0.3046875,0.34250484713723395
844,844,847,35294,659,3003,0,1,0,4,Hydroptilidae,3,3,-0.10909090909090909,0.42513974367599716
845,845,848,0,0,0,0,0,0,0,Hydrosalpingidae,0,0,,
846,846,849,0,0,0,0,0,0,0,Kokiriidae,0,0,,
847,847,850,11048,406,399,0,0,0,5,Lepidostomatidae,1,0,,
848,848,851,65919,2760,8934,0,1,0,2,Leptoceridae,7,6,0.10707070707070707,0.09496829815965584
849,849,852,312146,5712,156949,6,8,1,36,Limnephilidae,7,3,0.6166666666666667,0.5392896562454479
850,850,853,0,0,0,0,0,0,0,Limnocentropodidae,0,0,,
851,851,854,0,0,0,0,0,0,0,Molannidae,0,0,,
852,852,855,30443,3,3857,0,0,0,0,Odontoceridae,2,2,0.12803030303030302,0.0010713739108887154
853,853,856,0,0,0,0,0,0,0,Oeconesidae,0,0,,
854,854,857,0,0,0,0,0,0,0,Philopotamidae,0,0,,
855,855,858,0,0,0,0,0,0,0,Philorheithridae,0,0,,
856,856,859,14427,2798,1857,0,3,0,2,Phryganeidae,3,3,-0.075,0.08457409637576849
857,857,860,0,0,0,0,0,0,0,Phryganopsychidae,0,0,,
858,858,861,0,0,0,0,0,0,0,Pisuliidae,0,0,,
859,859,862,0,0,0,0,0,0,0,Polycentropodidae,0,0,,
860,860,863,2376,398,897,1,1,1,2,Psychomyiidae,1,1,0.08750000000000002,0.0
861,861,864,0,0,0,0,0,0,0,Rhyacophilidae,0,0,,
862,862,865,0,0,0,0,0,0,0,Sericostomatidae,0,0,,
863,863,866,0,0,0,0,0,0,0,Stenopsychidae,0,0,,
864,864,867,0,0,0,0,0,0,0,Tasimiidae,0,0,,
865,865,868,0,0,0,0,0,0,0,Uenoidae,0,0,,
866,866,869,0,0,0,0,0,0,0,Xiphocentronidae,0,0,,
867,867,870,19275,2692,984,0,2,0,6,Zoraptera,2,1,0.0,0.0
868,868,871,0,0,0,0,0,0,0,Lepidotrichidae,0,0,,
869,869,872,34405,598,46471,0,1,0,5,Lepismatidae,1,0,,
870,870,873,7198,2,136,0,0,0,0,Nicoletiidae,1,1,0.13636363636363635,0.0
871,871,874,1825,127,62,0,1,0,1,Grylloblattidae,2,0,,
872,872,875,259175,3180,9223,2,5,0,16,Mantophasmatodea,6,1,0.0,0.0
873,873,876,385662,21044,35326,33,23,5,171,Strepsiptera,30,26,0.047578428515928514,0.24833441679740323
