,Unnamed: 0,user_tweets_count,user_friends_count,user_followers_count,retweet_count,reply_count,quote_count,favorite_count,family,tweet_count
0,0,7196,1048,21575,2,0,0,26,Archaeognatha,2
1,1,151469,6487,29757,1,9,1,32,Blaberidae,15
2,2,0,0,0,0,0,0,0,Ectobiidae,0
3,3,375846,7042,8119,1,4,0,10,Blattidae,12
4,4,30854,1232,255,0,0,0,0,Cryptocercidae,1
5,5,28,10,4,0,0,0,0,Nocticolidae,1
6,6,0,0,0,0,0,0,0,Corydiidae,0
7,7,0,0,0,0,0,0,0,Amphizoidae,0
8,8,38,215,34,0,0,0,3,Aspidytidae,1
9,9,1362038,81976,361260,129,61,15,885,Carabidae,113
10,10,649415,23883,66522,32,21,5,270,Dytiscidae,33
11,11,25520,3575,23347,12,5,2,133,Gyrinidae,10
12,12,7629,646,547,1,0,0,26,Haliplidae,3
13,13,0,0,0,0,0,0,0,Hygrobiidae,0
14,14,72,92,13,0,0,0,0,Noteridae,1
15,15,0,0,0,0,0,0,0,Trachypachidae,0
16,16,0,0,0,0,0,0,0,Cupedidae,0
17,17,0,0,0,0,0,0,0,Micromalthidae,0
18,18,0,0,0,0,0,0,0,Ommatidae,0
19,19,16161,1197,4680,16,0,2,40,Lepiceridae,4
20,20,24836,1712,1240,17,1,3,55,Hydroscaphidae,4
21,21,12245,1018,649,0,0,0,7,Sphaeriusidae,2
22,22,11885,466,251,0,0,0,0,Torridincolidae,1
23,23,0,0,0,0,0,0,0,Aderidae,0
24,24,0,0,0,0,0,0,0,Agyrtidae,0
25,25,0,0,0,0,0,0,0,Alexiidae,0
26,26,420436,6354,50351,0,3,0,38,Anobiidae,10
27,27,19490,907,1652,0,2,0,4,Anthicidae,2
28,28,200166,7858,24384,17,4,3,118,Anthribidae,13
29,29,0,0,0,0,0,0,0,Artematopodidae,0
30,30,87336,4285,11998,0,2,0,6,Attelabidae,3
31,31,178789,8574,10078,0,3,0,3,Belidae,8
32,32,0,0,0,0,0,0,0,Biphyllidae,0
33,33,0,0,0,0,0,0,0,Boridae,0
34,34,7197,2,136,0,0,0,0,Bostrichidae,1
35,35,360,552,398,0,0,1,39,Bothrideridae,1
36,36,0,0,0,0,0,0,0,Brachyceridae,0
37,37,112392,3795,21432,25,4,1,141,Brentidae,10
38,38,970751,13536,181102,22,17,2,199,Buprestidae,30
39,39,10168,1989,4925,0,1,0,6,Byrrhidae,3
40,40,37980,2583,2538,1,0,0,6,Byturidae,1
41,41,0,0,0,0,0,0,0,Callirhipidae,0
42,42,846051,12304,48057,10,7,1,35,Cantharidae,18
43,43,21124,55,154,0,0,0,0,Cephaloidae,1
44,44,2906417,63967,1214306,214,115,16,2275,Cerambycidae,156
45,45,0,0,0,0,0,0,0,Ceratocanthidae,0
46,46,720,1104,796,2,1,0,47,Cerylonidae,2
47,47,0,0,0,0,0,0,0,Chelonariidae,0
48,48,1254388,79536,600431,173,61,20,1132,Chrysomelidae,112
49,49,3000,3624,4074,4,2,0,31,Ciidae,2
50,50,6764,516,688,0,0,0,3,Clambidae,1
51,51,164710,7550,12080,13,8,1,138,Cleridae,12
52,52,6945660,114285,785329,98,61,16,721,Coccinellidae,105
53,53,8410,3809,4913,2,4,0,9,Corylophidae,2
54,54,32755,3601,4842,2,4,1,10,Cryptophagidae,6
55,55,7882,550,895,0,0,0,0,Cucujidae,2
56,56,4429415,31621,509066,129,41,19,907,Curculionidae,95
57,57,0,0,0,0,0,0,0,Dascillidae,0
58,58,266846,16416,68571,6,10,0,26,Dermestidae,24
59,59,0,0,0,0,0,0,0,Derodontidae,0
60,60,0,0,0,0,0,0,0,Discolomatidae,0
61,61,2332,1014,1869,0,1,0,4,Drilidae,1
62,62,0,0,0,0,0,0,0,Dryopidae,0
63,63,385010,22911,335901,22,33,4,418,Elateridae,32
64,64,34936,2517,1814,3,0,0,79,Elmidae,6
65,65,16332,4469,9726,53,5,9,254,Endomychidae,5
66,66,0,0,0,0,0,0,0,Epimetopidae,0
67,67,194696,5998,118517,22,11,2,226,Erotylidae,12
68,68,0,0,0,0,0,0,0,Eucinetidae,0
69,69,6930,1432,1849,0,1,0,4,Eucnemidae,2
70,70,0,0,0,0,0,0,0,Eulichadidae,0
71,71,360,552,398,0,0,0,7,Georissidae,1
72,72,84810,6944,9337,6,7,1,48,Geotrupidae,10
73,73,0,0,0,0,0,0,0,Glaphyridae,0
74,74,0,0,0,0,0,0,0,Glaresidae,0
75,75,0,0,0,0,0,0,0,Helophoridae,0
76,76,1188,109,555,0,0,0,2,Helotidae,1
77,77,13961,518,824,0,0,0,1,Heteroceridae,2
78,78,96390,5526,12921,1,10,2,34,Histeridae,14
79,79,8268,2325,3885,20,1,5,113,Hybosoridae,4
80,80,6863,1102,3027,1,0,0,14,Hydraenidae,2
81,81,6116,964,2880,0,0,0,13,Hydrochidae,1
82,82,226368,11623,49488,13,4,2,138,Hydrophilidae,15
83,83,0,0,0,0,0,0,0,Ithyceridae,0
84,84,7197,2,136,0,0,0,0,Kateretidae,1
85,85,7197,2,136,0,0,0,0,Laemophloeidae,1
86,86,1838319,48012,128451,63,156,4,436,Lampyridae,191
87,87,0,0,0,0,0,0,0,Languriidae,0
88,88,30461,5645,4168,0,4,0,17,Latridiidae,3
89,89,52665,8065,13362,8,2,0,20,Leiodidae,10
90,90,7917,1106,932,1,0,0,15,Limnichidae,3
91,91,4041043,50988,91142,317,126,16,910,Lucanidae,247
92,92,0,0,0,0,0,0,0,Lutrochidae,0
93,93,3761899,30715,110096,53,45,6,655,Lycidae,45
94,94,7197,2,136,0,0,0,0,Lymexylidae,1
95,95,0,0,0,0,0,0,0,Mauroniscidae,0
96,96,0,0,0,0,0,0,0,Melandryidae,0
97,97,257888,12598,118203,37,16,6,406,Meloidae,18
98,98,29716,5096,18513,2,1,0,44,Melyridae,7
99,99,3229202,277628,525801,29,195,7,723,Monotomidae,261
100,100,63226,475,3194,0,1,0,1,Mordellidae,2
101,101,35320,3616,8185,2,1,0,17,Mycetophagidae,4
102,102,54864,809,7434,0,0,0,1,Nemonychidae,2
103,103,163920,11217,37741,27,13,0,157,Nitidulidae,19
104,104,0,0,0,0,0,0,0,Nosodendridae,0
105,105,0,0,0,0,0,0,0,Ochodaeidae,0
106,106,55981,5052,5028,2,5,0,29,Oedemeridae,7
107,107,0,0,0,0,0,0,0,Omalisidae,0
108,108,0,0,0,0,0,0,0,Omethidae,0
109,109,0,0,0,0,0,0,0,Orsodacnidae,0
110,110,12617,3071,2618,0,1,0,0,Passalidae,2
111,111,0,0,0,0,0,0,0,Passandridae,0
112,112,0,0,0,0,0,0,0,Perimylopidae,0
113,113,77054,2206,5985,0,4,0,0,Phalacridae,4
114,114,154261,13541,128175,990,46,108,4421,Phengodidae,11
115,115,0,0,0,0,0,0,0,Phloeostichidae,0
116,116,0,0,0,0,0,0,0,Phloiophilidae,0
117,117,395,71,21,0,0,0,0,Pleocomidae,1
118,118,430,640,626,1,0,1,23,Prionoceridae,2
119,119,0,0,0,0,0,0,0,Propalticidae,0
120,120,0,0,0,0,0,0,0,Prostomidae,0
121,121,0,0,0,0,0,0,0,Protocucujidae,0
122,122,226,410,229,0,0,0,0,Psephenidae,1
123,123,42200,2410,8686,13,3,2,41,Ptiliidae,8
124,124,0,0,0,0,0,0,0,Ptilodactylidae,0
125,125,46573,5248,14127,6,7,2,42,Ptinidae,9
126,126,111965,3196,3253,0,3,0,7,Pyrochroidae,3
127,127,7197,2,136,0,0,0,0,Pythidae,1
128,128,0,0,0,0,0,0,0,Rhipiceridae,0
129,129,720,1104,796,9,0,3,56,Ripiphoridae,2
130,130,0,0,0,0,0,0,0,Salpingidae,0
131,131,1945725,50353,320522,522,61,43,1952,Scarabaeidae,113
132,132,67124,1873,7520,0,2,0,3,Scirtidae,6
133,133,12836,1216,2617,0,2,0,1,Scraptiidae,2
134,134,0,0,0,0,0,0,0,Scydmaenidae,0
135,135,681352,48487,78639,48,25,7,268,Silphidae,34
136,136,17827,1101,1063,2,0,0,15,Silvanidae,5
137,137,0,0,0,0,0,0,0,Spercheidae,0
138,138,0,0,0,0,0,0,0,Sphaeritidae,0
139,139,2640,3072,3676,2,1,0,3,Sphindidae,1
140,140,1007541,63083,490826,112,78,16,1392,Staphylinidae,141
141,141,0,0,0,0,0,0,0,Synchroidae,0
142,142,421242,13234,264122,65,23,9,445,Tenebrionidae,45
143,143,7197,2,136,0,0,0,0,Tetratomidae,1
144,144,5568,681,1025,0,1,0,0,Throscidae,1
145,145,7197,2,136,0,0,0,0,Trictenotomidae,1
146,146,19474,288,88,0,3,0,14,Trogossitidae,2
147,147,37872,244,83168,6,3,0,33,Zopheridae,1
148,148,0,0,0,0,0,0,0,Bourletiellidae,0
149,149,0,0,0,0,0,0,0,Brachystomellidae,0
150,150,2404,149,140,0,0,0,1,Dicyrtomidae,1
151,151,103781,6949,11221,1,4,0,13,Entomobryidae,6
152,152,625,540,149,0,1,0,1,Hypogastruridae,1
153,153,0,0,0,0,0,0,0,Isotomidae,0
154,154,5383,1102,1689,0,3,0,6,Katiannidae,2
155,155,11577,1504,5069,2,0,0,5,Neanuridae,1
156,156,0,0,0,0,0,0,0,Neelidae,0
157,157,0,0,0,0,0,0,0,Odontellidae,0
158,158,0,0,0,0,0,0,0,Oncopoduridae,0
159,159,0,0,0,0,0,0,0,Onychiuridae,0
160,160,0,0,0,0,0,0,0,Paronellidae,0
161,161,0,0,0,0,0,0,0,Poduridae,0
162,162,0,0,0,0,0,0,0,Sminthuridae,0
163,163,7197,2,136,0,0,0,0,Tomoceridae,1
164,164,0,0,0,0,0,0,0,Tullbergiidae,0
165,165,4238,135,11056,2,2,0,14,Anisolabididae,1
166,166,0,0,0,0,0,0,0,Apachyidae,0
167,167,0,0,0,0,0,0,0,Chelisochidae,0
168,168,7034,426,21184,0,1,0,3,Forficulidae,2
169,169,0,0,0,0,0,0,0,Labiduridae,0
170,170,0,0,0,0,0,0,0,Labiidae,0
171,171,0,0,0,0,0,0,0,Pygidicranidae,0
172,172,69015,117,363,1,0,0,6,Campodeidae,3
173,173,0,0,0,0,0,0,0,Japygidae,0
174,174,0,0,0,0,0,0,0,Parajapygidae,0
175,175,0,0,0,0,0,0,0,Projapygoidea,0
176,176,32751,349,1365,4,0,0,19,Acartophthalmidae,2
177,177,186199,15112,145690,326,28,56,1363,Acroceridae,14
178,178,127707,6864,20094,10,3,1,48,Agromyzidae,10
179,179,27886,78,1331,0,1,0,0,Anisopodidae,1
180,180,148898,11041,63296,1,6,0,13,Anthomyiidae,9
181,181,118,15,254,2,0,0,7,Anthomyzidae,1
182,182,0,0,0,0,0,0,0,Apioceridae,0
183,183,0,0,0,0,0,0,0,Apsilocephalidae,0
184,184,863332,49974,97309,169,37,11,627,Asilidae,71
185,185,0,0,0,0,0,0,0,Asteiidae,0
186,186,0,0,0,0,0,0,0,Atelestidae,0
187,187,0,0,0,0,0,0,0,Athericidae,0
188,188,0,0,0,0,0,0,0,Aulacigastridae,0
189,189,0,0,0,0,0,0,0,Australimyzidae,0
190,190,0,0,0,0,0,0,0,Austroleptidae,0
191,191,0,0,0,0,0,0,0,Axymyiidae,0
192,192,801740,48186,169042,29,39,1,193,Bibionidae,46
193,193,0,0,0,0,0,0,0,Blephariceridae,0
194,194,859354,64019,103621,36,40,1,366,Bombyliidae,76
195,195,0,0,0,0,0,0,0,Braulidae,0
196,196,703683,24093,94718,21,18,0,106,Calliphoridae,30
197,197,0,0,0,0,0,0,0,Canthyloscelidae,0
198,198,20093715,179082,173330,6313,340,45,19585,Carnidae,490
199,199,157554,4282,8483,5,2,0,24,Cecidomyiidae,12
200,200,100705,9078,4819,20,6,1,85,Ceratopogonidae,14
201,201,4330,482,374,0,1,0,1,Chaoboridae,1
202,202,1315569,18605,132068,20,22,0,113,Chironomidae,32
203,203,100503,6875,45184,11,15,1,144,Chloropidae,11
204,204,1803,124,66,0,0,0,12,Chyromyidae,1
205,205,0,0,0,0,0,0,0,Clusiidae,0
206,206,0,0,0,0,0,0,0,Coelopidae,0
207,207,233136,13198,49878,21,8,2,82,Conopidae,14
208,208,0,0,0,0,0,0,0,Corethrellidae,0
209,209,2347500,47001,209900,165,46,12,397,Culicidae,147
210,210,0,0,0,0,0,0,0,Deuterophlebiidae,0
211,211,28183,851,549,0,1,0,0,Diadocidiidae,1
212,212,56427,2862,18590,61,19,11,414,Diopsidae,5
213,213,0,0,0,0,0,0,0,Dixidae,0
214,214,306908,7784,22432,9,3,0,21,Dolichopodidae,15
215,215,271492,5090,126309,2,3,2,41,Drosophilidae,11
216,216,18946,3878,3262,0,2,0,1,Dryomyzidae,2
217,217,194818,13229,36217,6,16,0,66,Empididae,26
218,218,162344,1625,1276,0,0,0,1,Ephydridae,3
219,219,434,32,22,0,0,0,0,Fanniidae,1
220,220,0,0,0,0,0,0,0,Fergusoninidae,0
221,221,72481,3221,1838,6,0,0,8,Glossinidae,3
222,222,0,0,0,0,0,0,0,Helcomyzidae,0
223,223,0,0,0,0,0,0,0,Helosciomyzidae,0
224,224,0,0,0,0,0,0,0,Hesperinidae,0
225,225,0,0,0,0,0,0,0,Heterocheilidae,0
226,226,0,0,0,0,0,0,0,Hilarimorphidae,0
227,227,33697,1455,5013,2,1,0,1,Hippoboscidae,3
228,228,81051,4001,13183,0,2,0,5,Hybotidae,6
229,229,205975,6661,4507,1,1,2,11,Keroplatidae,9
230,230,79028,2635,9179,12,2,0,53,Lauxaniidae,5
231,231,15541,2913,3893,0,1,0,2,Lonchaeidae,2
232,232,52002,2230,5520,6,3,0,67,Lonchopteridae,2
233,233,28183,851,549,0,1,0,0,Lygistorrhinidae,1
234,234,0,0,0,0,0,0,0,Marginidae,0
235,235,146596,4427,100711,3,6,1,69,Micropezidae,10
236,236,25,13,8,0,0,0,1,Milichiidae,1
237,237,555606,15438,31430,13,6,0,46,Muscidae,32
238,238,184407,6588,6265,5,2,0,29,Mycetophilidae,9
239,239,39960,4426,39121,20,19,2,340,Mydidae,6
240,240,143,212,81,0,1,0,2,Mythicomyiidae,1
241,241,3390,134,125,0,0,0,0,Nemestrinidae,1
242,242,0,0,0,0,0,0,0,Neurochaetidae,0
243,243,116390,5145,3865,1,5,1,20,Nycteribiidae,4
244,244,0,0,0,0,0,0,0,Odiniidae,0
245,245,48568,1182,47415,3,5,0,28,Oestridae,2
246,246,0,0,0,0,0,0,0,Opomyzidae,0
247,247,13206,1779,4637,1,0,0,10,Pachyneuridae,1
248,248,129,106,69,0,2,0,2,Pallopteridae,1
249,249,0,0,0,0,0,0,0,Pelecorhynchidae,0
250,250,0,0,0,0,0,0,0,Periscelididae,0
251,251,0,0,0,0,0,0,0,Perissommatidae,0
252,252,71060,3820,45044,1,4,0,55,Phoridae,10
253,253,0,0,0,0,0,0,0,Piophilidae,0
254,254,2017,20,103,0,0,0,0,Pipunculidae,1
255,255,0,0,0,0,0,0,0,Platypezidae,0
256,256,19820,3568,7467,1,0,1,7,Platystomatidae,1
257,257,0,0,0,0,0,0,0,Pleciidae,0
258,258,2268,868,7136,10,1,1,70,Psilidae,1
259,259,297385,15901,70311,41,16,6,247,Psychodidae,24
260,260,12299,4731,3654,1,4,0,14,Ptychopteridae,5
261,261,8019,371,3311,2,0,0,9,Pyrgotidae,1
262,262,258518,6105,3202,0,0,0,1,Rhagionidae,5
263,263,84549,2553,1647,0,0,0,7,Rhinophoridae,3
264,264,28183,851,549,0,0,0,3,Richardiidae,1
265,265,495899,30067,63298,51,26,9,244,Sarcophagidae,37
266,266,128283,7879,12585,18,5,0,90,Scathophagidae,6
267,267,34405,598,46457,0,1,0,1,Scatopsidae,1
268,268,177914,3,56,0,0,0,0,Scenopinidae,1
269,269,0,0,0,0,0,0,0,Sciardoceridae,0
270,270,381192,5092,104909,4,9,0,46,Sciaridae,16
271,271,225838,10585,45927,1,6,0,34,Sciomyzidae,11
272,272,150858,5982,13110,14,6,0,54,Sepsidae,6
273,273,392742,22761,80713,12,19,3,128,Simuliidae,26
274,274,0,0,0,0,0,0,0,Somatiidae,0
275,275,54540,3185,10660,0,1,0,3,Sphaeroceridae,2
276,276,72726,7453,46697,3,9,1,51,Stratiomyidae,15
277,277,0,0,0,0,0,0,0,Streblidae,0
278,278,84549,2553,1647,0,0,0,2,Strongylophthalmyiidae,3
279,279,0,0,0,0,0,0,0,Synneuridae,0
280,280,1981016,94204,393201,134,67,14,685,Syrphidae,121
281,281,282307,64930,72220,12,3,1,62,Tabanidae,15
282,282,395861,20755,43586,43,18,2,244,Tachinidae,29
283,283,0,0,0,0,0,0,0,Tanyderidae,0
284,284,970657,11903,104576,22,15,1,144,Tephritidae,26
285,285,0,0,0,0,0,0,0,Thaumaleidae,0
286,286,50548,3285,14558,22,3,2,84,Therevidae,3
287,287,1309809,56017,751499,270,139,40,2613,Tipulidae,78
288,288,67337,7762,16119,3,3,0,25,Trichoceridae,4
289,289,157404,1856,1505,1,1,0,24,Ulidiidae,6
290,290,0,0,0,0,0,0,0,Vermileonidae,0
291,291,0,0,0,0,0,0,0,Xenasteiidae,0
292,292,0,0,0,0,0,0,0,Xylomyidae,0
293,293,40836,0,10,0,0,0,0,Xylophagidae,1
294,294,0,0,0,0,0,0,0,Anisembiidae,0
295,295,0,0,0,0,0,0,0,Australembiidae,0
296,296,0,0,0,0,0,0,0,Clothodidae,0
297,297,0,0,0,0,0,0,0,Embiidae,0
298,298,0,0,0,0,0,0,0,Notoligotomidae,0
299,299,0,0,0,0,0,0,0,Oligotomidae,0
300,300,0,0,0,0,0,0,0,Teratembiidae,0
301,301,0,0,0,0,0,0,0,Acanthametropodidae,0
302,302,0,0,0,0,0,0,0,Ameletidae,0
303,303,0,0,0,0,0,0,0,Ameletopsidae,0
304,304,0,0,0,0,0,0,0,Ametropodidae,0
305,305,1511301,9598,26290,5,3,0,14,Baetidae,12
306,306,0,0,0,0,0,0,0,Baetiscidae,0
307,307,0,0,0,0,0,0,0,Behningiidae,0
308,308,5487378,66156,53026,5,27,0,9,Caenidae,68
309,309,0,0,0,0,0,0,0,Coloburiscidae,0
310,310,0,0,0,0,0,0,0,Dipteromimidae,0
311,311,0,0,0,0,0,0,0,Ephemerellidae,0
312,312,8172,789,859,0,0,0,0,Ephemeridae,1
313,313,7197,2,136,0,0,0,0,Euthyplociidae,1
314,314,42429,734,5469,0,2,0,2,Heptageniidae,5
315,315,0,0,0,0,0,0,0,Ichthybotidae,0
316,316,3451,1607,1508,0,1,0,7,Isonychiidae,3
317,317,0,0,0,0,0,0,0,Leptohyphidae,0
318,318,39407,757,4966,0,1,0,9,Leptophlebiidae,5
319,319,0,0,0,0,0,0,0,Metretopodidae,0
320,320,0,0,0,0,0,0,0,Neoephemeridae,0
321,321,0,0,0,0,0,0,0,Nesameletidae,0
322,322,0,0,0,0,0,0,0,Oligoneuriidae,0
323,323,0,0,0,0,0,0,0,Oniscigastridae,0
324,324,0,0,0,0,0,0,0,Palingeniidae,0
325,325,0,0,0,0,0,0,0,Polymitarcyidae,0
326,326,0,0,0,0,0,0,0,Potamanthidae,0
327,327,680,386,536,5,4,0,24,Prosopistomatidae,3
328,328,0,0,0,0,0,0,0,Rallidentidae,0
329,329,0,0,0,0,0,0,0,Siphlaenigmatidae,0
330,330,0,0,0,0,0,0,0,Siphlonuridae,0
331,331,0,0,0,0,0,0,0,Teloganodidae,0
332,332,0,0,0,0,0,0,0,Tricorythidae,0
333,334,76163,3546,3317,2,1,1,16,Acanthosomatidae,4
334,335,0,0,0,0,0,0,0,Achilidae,0
335,336,0,0,0,0,0,0,0,Achilixiidae,0
336,337,0,0,0,0,0,0,0,Aetalionidae,0
337,338,0,0,0,0,0,0,0,Aleyrodoidea,0
338,339,284298,6991,56636,0,3,0,16,Alydidae,7
339,340,7101,1235,2531,0,2,0,2,Anthocoridae,3
340,341,0,0,0,0,0,0,0,Aphelocheiridae,0
341,342,29138,1929,3789,0,2,0,4,Aphidoidea,7
342,343,12951,1959,1872,12,2,0,44,Aphrophoridae,2
343,344,17977,652,816,0,0,0,0,Aradidae,3
344,345,237936,21753,239688,34,34,18,738,Belostomatidae,26
345,346,2994,546,3384,0,0,0,8,Berytidae,3
346,347,7197,2,136,0,0,0,0,Caliscelidae,1
347,348,0,0,0,0,0,0,0,Canopidae,0
348,349,196333,2802,41842,10,17,5,154,Cercopidae,6
349,350,731778,13918,256904,107,68,16,1027,Cicadellidae,48
350,351,939763,71700,380114,205,70,28,816,Cicadidae,37
351,352,324535,3183,5053,10,4,2,2,Cimicidae,12
352,353,57270,652,8122,1,0,0,3,Cixiidae,4
353,354,6887,159,20870,1,1,0,54,Clastopteridae,1
354,355,101289,5277,54443,13,4,2,33,Coccoidea,9
355,356,0,0,0,0,0,0,0,Colobathristidae,0
356,357,912600,59782,666029,77,89,13,1125,Coreidae,77
357,358,62512,4640,8840,0,2,0,4,Corixidae,7
358,359,61876,3606,1882,0,2,0,7,Cydnidae,6
359,360,40066,6412,10995,0,1,0,7,Delphacidae,5
360,361,44594,385,45612,11,18,5,192,Derbidae,5
361,362,10016,2307,4548,1,2,0,27,Dictyopharidae,3
362,363,30443,3,3857,0,0,0,1,Dinidoridae,2
363,364,61793,1439,5449,3,2,1,12,Dipsocoridae,3
364,365,0,0,0,0,0,0,0,Epipygidae,0
365,366,0,0,0,0,0,0,0,Enicocephalidae,0
366,367,0,0,0,0,0,0,0,Eurybrachyidae,0
367,368,22560,4862,7372,0,0,0,4,Flatidae,6
368,369,208257,1744,11481,75,6,2,280,Fulgoridae,13
369,370,0,0,0,0,0,0,0,Gelastocoridae,0
370,371,104493,5386,159577,9,5,3,200,Gerridae,13
371,372,0,0,0,0,0,0,0,Hebridae,0
372,373,0,0,0,0,0,0,0,Hermatobatidae,0
373,374,0,0,0,0,0,0,0,Hydrometridae,0
374,375,0,0,0,0,0,0,0,Hyocephalidae,0
375,376,0,0,0,0,0,0,0,Idiostolidae,0
376,377,1324,196,139,0,2,0,2,Issidae,3
377,378,0,0,0,0,0,0,0,Joppeicidae,0
378,379,6499,1091,182,0,0,0,2,Largidae,8
379,380,30443,3,3857,0,0,0,1,Leptopodidae,2
380,381,0,0,0,0,0,0,0,Lestoniidae,0
381,382,840,306,385,6,0,0,56,Lophopidae,1
382,383,0,0,0,0,0,0,0,Lyctocoridae,0
383,384,246612,6959,69335,8,10,0,59,Lygaeidae,15
384,385,0,0,0,0,0,0,0,Machaerotidae,0
385,386,0,0,0,0,0,0,0,Macroveliidae,0
386,387,0,0,0,0,0,0,0,Malcidae,0
387,388,0,0,0,0,0,0,0,Meenoplidae,0
388,389,331701,23568,170698,31,32,8,319,Membracidae,31
389,390,0,0,0,0,0,0,0,Mesoveliidae,0
390,391,0,0,0,0,0,0,0,Microphysidae,0
391,392,204611,22895,50621,5,19,0,45,Miridae,24
392,393,0,0,0,0,0,0,0,Myerslopiidae,0
393,394,18582,4453,3527,3,3,1,15,Nabidae,2
394,395,15988,454,292,0,2,0,0,Naucoridae,2
395,396,43886,2620,22022,0,5,0,6,Nepidae,6
396,397,0,0,0,0,0,0,0,Nogodinidae,0
397,398,205265,1680,5633,0,1,0,3,Notonectidae,6
398,399,0,0,0,0,0,0,0,Ochteridae,0
399,400,0,0,0,0,0,0,0,Paraphrynoveliidae,0
400,401,0,0,0,0,0,0,0,Peloridiidae,0
401,402,1393917,56897,824633,32,47,0,369,Pentatomidae,88
402,403,0,0,0,0,0,0,0,Phloeidae,0
403,404,0,0,0,0,0,0,0,Phylloxeroidea,0
404,405,0,0,0,0,0,0,0,Phymatidae,0
405,406,0,0,0,0,0,0,0,Piesmatidae,0
406,407,7146,56,3493,14,1,0,55,Plataspidae,2
407,408,0,0,0,0,0,0,0,Pleidae,0
408,409,0,0,0,0,0,0,0,Plokiophilidae,0
409,410,3054,630,428,2,0,0,11,Psylloidea,2
410,411,147788,6234,81844,1,12,0,57,Pyrrhocoridae,18
411,412,833687,36401,439723,114,64,11,801,Reduviidae,91
412,413,113757,8271,40417,6,6,1,52,Rhopalidae,11
413,414,6006,110,6658,1,0,0,11,Ricaniidae,2
414,415,7166,1296,1088,0,0,0,0,Saldidae,2
415,416,30443,3,3857,0,0,0,1,Schizopteridae,2
416,417,467764,8848,84819,36,21,3,341,Scutelleridae,18
417,418,1023,591,637,2,0,0,12,Stenocephalidae,1
418,419,7198,2,136,0,0,0,0,Termitaphididae,1
419,420,17538,191,3407,26,2,2,129,Tessaratomidae,2
420,421,0,0,0,0,0,0,0,Tettigometridae,0
421,422,0,0,0,0,0,0,0,Thaumastocoridae,0
422,423,890085,3178,15289,13,5,1,85,Tingidae,15
423,424,30443,3,3857,0,0,0,1,Tropiduchidae,2
424,425,19,27,26,2,0,0,13,Veliidae,1
425,426,0,0,0,0,0,0,0,Velocipedidae,0
426,427,3417,414,399,0,0,0,5,Agaonidae,1
427,428,0,0,0,0,0,0,0,Ampulicidae,0
428,429,0,0,0,0,0,0,0,Anaxyelidae,0
429,430,289270,23276,36681,12,24,0,116,Andrenidae,36
430,431,17585,878,3069,6,7,0,35,Aphelinidae,7
431,432,3146695,77289,271949,188,47,11,710,Apidae,150
432,433,238416,6077,25876,0,4,0,3,Argidae,7
433,434,57885,2,409,0,1,0,0,Aulacidae,2
434,435,104411,7567,4580,0,1,0,21,Bethylidae,7
435,436,0,0,0,0,0,0,0,Blasticotomidae,0
436,437,273454,16413,94377,18,20,4,115,Braconidae,40
437,438,57885,2,409,0,1,0,0,Bradynobaenidae,2
438,439,99487,200,2819,6,4,0,30,Cephidae,3
439,440,10310,674,946,1,6,0,13,Ceraphronidae,3
440,441,87369,3563,9242,5,7,0,53,Chalcididae,9
441,442,363121,20059,33908,19,11,1,177,Chrysididae,18
442,443,103409,4582,18195,0,3,0,13,Cimbicidae,9
443,444,42405,6914,10195,4,3,0,15,Colletidae,9
444,445,91105,2594,28815,5,6,0,98,Crabronidae,13
445,446,86163,2324,1813,12,9,0,49,Cynipidae,8
446,447,6006,541,1303,3,1,1,14,Diapriidae,3
447,448,453,553,109,0,0,0,2,Diprionidae,1
448,449,61066,292,4032,1,0,0,2,Encyrtidae,5
449,450,41607,423,973,0,2,0,1,Eucharitidae,3
450,451,107551,14400,16639,25,4,0,169,Eulophidae,16
451,452,37641,5,3993,2,0,0,1,Eupelmidae,3
452,453,10615,416,535,0,0,0,2,Eurytomidae,2
453,454,148243,5364,125076,28,13,4,193,Evaniidae,14
454,455,21594,6,408,0,0,0,0,Figitidae,3
455,456,1902888,76845,116586,82,43,10,638,Formicidae,120
456,457,1942,344,1034,0,0,0,3,Gasteruptiidae,1
457,458,641138,14643,81379,60,19,7,250,Halictidae,35
458,459,0,0,0,0,0,0,0,Heloridae,0
459,460,0,0,0,0,0,0,0,Ibaliidae,0
460,461,1642658,42031,309623,203,63,13,1004,Ichneumonidae,82
461,462,1893,2431,766,0,2,0,7,Liopteridae,1
462,463,0,0,0,0,0,0,0,Maamingidae,0
463,464,227252,19332,27367,33,19,2,288,Megachilidae,33
464,465,0,0,0,0,0,0,0,Megalodontesidae,0
465,466,0,0,0,0,0,0,0,Megalyridae,0
466,467,0,0,0,0,0,0,0,Megaspilidae,0
467,468,33313,5091,10274,21,4,2,106,Melittidae,8
468,469,679,56,2077,0,0,0,2,Monomachidae,1
469,470,414575,50110,178359,21,27,5,391,Mutillidae,32
470,471,82958,11665,15244,13,11,1,112,Mymaridae,19
471,472,0,0,0,0,0,0,0,Mymarommatidae,0
472,473,0,0,0,0,0,0,0,Orussidae,0
473,474,50687,0,273,0,1,0,0,Pamphiliidae,1
474,475,0,0,0,0,0,0,0,Pelecinidae,0
475,476,93151,3220,26841,7,2,2,25,Pergidae,3
476,477,0,0,0,0,0,0,0,Perilampidae,0
477,478,49803,1133,2423,2,2,1,12,Platygastridae,8
478,479,0,0,0,0,0,0,0,Plumariidae,0
479,480,1011120,33298,410914,43,37,1,629,Pompilidae,54
480,481,0,0,0,0,0,0,0,Proctotrupidae,0
481,482,155351,2307,61389,10,2,0,30,Pteromalidae,10
482,483,0,0,0,0,0,0,0,Roproniidae,0
483,484,0,0,0,0,0,0,0,Rotoitidae,0
484,485,32919,2872,5011,2,0,0,20,Sapygidae,3
485,486,685962,445,5842,3,1,0,10,Scelionidae,3
486,487,0,0,0,0,0,0,0,Scolebythidae,0
487,488,263401,2051,95838,2,3,1,36,Scoliidae,5
488,489,162390,1978,12210,2,1,0,3,Siricidae,2
489,490,0,0,0,0,0,0,0,Sierolomorphidae,0
490,491,165302,6860,182712,65,64,21,992,Sphecidae,20
491,492,9235,654,611,0,0,0,0,Stenotritidae,1
492,493,142863,4866,10711,1,1,0,6,Stephanidae,3
493,494,291508,2913,10930,0,2,0,18,Tenthredinidae,10
494,495,0,0,0,0,0,0,0,Tetracampidae,0
495,496,23343,3,139,0,0,0,0,Tiphiidae,2
496,497,5189,309,2946,0,1,0,11,Torymidae,3
497,498,39442,1130,1797,1,0,0,2,Trichogrammatidae,2
498,499,0,0,0,0,0,0,0,Trigonalidae,0
499,500,0,0,0,0,0,0,0,Vanhorniidae,0
500,501,4566707,123081,461959,65,131,8,601,Vespidae,202
501,502,7198,2,136,0,0,0,0,Xiphydriidae,1
502,503,725,417,757,0,1,0,2,Xyelidae,1
503,504,573,44,132,1,0,0,2,Hodotermitidae,1
504,505,82967,2028,1247,1,2,0,7,Kalotermitidae,3
505,506,573,44,132,1,0,0,2,Mastotermitidae,1
506,507,19597,903,3270,1,1,0,4,Rhinotermitidae,4
507,508,30854,1232,255,0,0,0,0,Serritermitidae,1
508,509,152899,8716,4258,1,3,0,1,Termitidae,6
509,510,0,0,0,0,0,0,0,Termopsidae,0
510,511,0,0,0,0,0,0,0,Acanthopteroctetidae,0
511,512,0,0,0,0,0,0,0,Acrolophidae,0
512,513,284771,13728,34680,14,7,1,74,Adelidae,13
513,514,0,0,0,0,0,0,0,Agathiphagidae,0
514,515,0,0,0,0,0,0,0,Agonoxenidae,0
515,516,0,0,0,0,0,0,0,Aididae,0
516,517,223733,2634,3422,0,5,1,4,Alucitidae,11
517,518,0,0,0,0,0,0,0,Amphisbatidae,0
518,519,0,0,0,0,0,0,0,Andesianidae,0
519,520,0,0,0,0,0,0,0,Anomoeotidae,0
520,521,50,99,138,4,0,0,19,Anthelidae,1
521,522,0,0,0,0,0,0,0,Apatelodidae,0
522,523,78614,5703,13596,5,5,0,44,Arctiidae,7
523,524,0,0,0,0,0,0,0,Argyresthiidae,0
524,525,0,0,0,0,0,0,0,Arrhenophanidae,0
525,526,30443,3,3857,0,0,0,0,Autostichidae,2
526,527,0,0,0,0,0,0,0,Batrachedridae,0
527,528,0,0,0,0,0,0,0,Bedelliidae,0
528,529,40651,0,184,0,0,0,0,Blastobasidae,1
529,530,6937,499,20872,0,1,0,6,Bombycidae,2
530,531,0,0,0,0,0,0,0,Brachodidae,0
531,532,160556,6869,70083,36,4,1,97,Brahmaeidae,3
532,533,32386,4,3867,0,0,0,0,Bucculatricidae,3
533,534,0,0,0,0,0,0,0,Callidulidae,0
534,535,0,0,0,0,0,0,0,Carposinidae,0
535,536,0,0,0,0,0,0,0,Carthaeidae,0
536,537,818371,3816,16053,2,3,0,7,Castniidae,11
537,538,0,0,0,0,0,0,0,Choreutidae,0
538,539,0,0,0,0,0,0,0,Cimeliidae,0
539,540,103539,3,4072,0,0,0,1,Coleophoridae,5
540,541,0,0,0,0,0,0,0,Copromorphidae,0
541,542,15474,811,811,7,1,0,15,Cosmopterigidae,3
542,543,8975,912,3821,1,2,0,3,Cossidae,3
543,544,508694,17399,67004,32,12,5,286,Crambidae,33
544,545,0,0,0,0,0,0,0,Crinopterygidae,0
545,546,13906,3580,1800,8,5,4,48,Cyclotornidae,2
546,547,870423,11185,57968,29,12,1,193,Dalceridae,13
547,548,0,0,0,0,0,0,0,Deoclonidae,0
548,549,0,0,0,0,0,0,0,Deuterogoniidae,0
549,550,0,0,0,0,0,0,0,Douglasiidae,0
550,551,242086,18048,23687,15,8,1,121,Drepanidae,9
551,552,0,0,0,0,0,0,0,Dudgeoneidae,0
552,553,35,95,28,0,1,0,0,Elachistidae,1
553,554,0,0,0,0,0,0,0,Endromidae,0
554,555,36987,1313,4940,1,0,0,1,Epicopeiidae,4
555,556,13906,3580,1800,7,4,4,45,Epipyropidae,2
556,557,0,0,0,0,0,0,0,Eriocottidae,0
557,558,44359,195,492,5,0,0,38,Eriocraniidae,2
558,559,0,0,0,0,0,0,0,Eupterotidae,0
559,560,134288,5853,11013,1,2,0,22,Gelechiidae,14
560,561,1273522,103489,324224,73,55,13,605,Geometridae,73
561,562,0,0,0,0,0,0,0,Glyphidoceridae,0
562,563,0,0,0,0,0,0,0,Glyphipterigidae,0
563,564,224986,1185,1884,37,9,5,224,Gracillariidae,6
564,565,0,0,0,0,0,0,0,Hedylidae,0
565,566,14828,2754,3054,4,0,0,39,Heliozelidae,4
566,567,94128,14647,19262,7,1,1,57,Hepialidae,10
567,568,206660,7669,73133,12,11,0,95,Hesperiidae,20
568,569,0,0,0,0,0,0,0,Heterobathmiidae,0
569,570,0,0,0,0,0,0,0,Heterogynidae,0
570,571,0,0,0,0,0,0,0,Himantopteridae,0
571,572,0,0,0,0,0,0,0,Hyblaeidae,0
572,573,48199,428,624,0,1,0,2,Immidae,2
573,574,33168,2463,4748,3,4,0,17,Incurvariidae,2
574,575,0,0,0,0,0,0,0,Lacturidae,0
575,576,75020,4428,21513,34,7,8,241,Lasiocampidae,20
576,577,139630,9,361,0,0,0,0,Lecithoceridae,5
577,578,0,0,0,0,0,0,0,Lemoniidae,0
578,579,1120147,207788,635174,1103,204,175,3549,Limacodidae,51
579,580,1156109,31410,57417,172,30,7,768,Lycaenidae,66
580,581,69691,2553,14826,0,1,0,16,Lymantriidae,7
581,582,310,2246,512,3,1,0,12,Lyonetiidae,2
582,583,71952,1752,74136,9,7,1,200,Megalopygidae,12
583,584,522133,29412,42664,6,32,1,219,Micropterigidae,120
584,585,9215,22,239,0,0,0,0,Mimallonidae,2
585,586,0,0,0,0,0,0,0,Mirinidae,0
586,587,0,0,0,0,0,0,0,Mnesarchaeidae,0
587,588,12520,2363,2620,0,0,0,22,Momphidae,1
588,589,0,0,0,0,0,0,0,Neopseustidae,0
589,590,10619,1323,1662,10,5,0,87,Nepticulidae,5
590,591,2271414,140129,318221,17,49,1,159,Noctuidae,103
591,592,175950,39045,52223,14,5,0,130,Notodontidae,13
592,593,2618137,141713,584839,445,60,13,1900,Nymphalidae,124
593,594,9958,202,326,1,1,0,0,Oecophoridae,2
594,595,2287,1018,683,3,2,0,25,Opostegidae,1
595,596,0,0,0,0,0,0,0,Palaephatidae,0
596,597,453818,20760,188027,296,44,19,1433,Papilionidae,51
597,598,0,0,0,0,0,0,0,Peleopodidae,0
598,599,38612171,181677,934526,50,26,9,213,Pieridae,166
599,600,27479,844,1064,0,0,0,0,Plutellidae,5
600,601,253,146,63,0,0,0,4,Prodoxidae,1
601,602,0,0,0,0,0,0,0,Prototheoridae,0
602,603,29482294,64871,160796,37,62,11,260,Psychidae,69
603,604,0,0,0,0,0,0,0,Pterolonchidae,0
604,605,343695,9097,319737,12,13,2,124,Pterophoridae,19
605,606,2151228,35609,54212,9,6,0,23,Pyralidae,18
606,607,194298,8626,31595,18,5,1,141,Riodinidae,12
607,608,0,0,0,0,0,0,0,Roeslerstammiidae,0
608,609,1852519,54825,250238,198,77,20,1531,Saturniidae,71
609,610,0,0,0,0,0,0,0,Sematuridae,0
610,611,305334,48663,68823,59,8,1,891,Sesiidae,28
611,612,0,0,0,0,0,0,0,Somabrachyidae,0
612,613,1292996,148621,600450,303,88,45,1585,Sphingidae,88
613,614,3893,175,3478,11,1,0,39,Thyrididae,2
614,615,144567,8958,55501,3,7,3,93,Tineidae,16
615,616,0,0,0,0,0,0,0,Tineodidae,0
616,617,378,101,281,5,0,0,17,Tischeriidae,1
617,618,962092,63994,59953,5,2,0,10,Tortricidae,32
618,619,6475,866,3619,31,1,3,152,Uraniidae,3
619,620,43854,3826,902029,54,3,1,72,Urodidae,5
620,621,0,0,0,0,0,0,0,Xyloryctidae,0
621,622,7392,142,2527,33,7,4,232,Yponomeutidae,3
622,623,0,0,0,0,0,0,0,Ypsolophidae,0
623,624,252794,21289,77979,52,15,9,254,Zygaenidae,11
624,625,212871,0,184,0,0,0,0,Acanthopidae,1
625,626,0,0,0,0,0,0,0,Amorphoscelidae,0
626,627,0,0,0,0,0,0,0,Chaeteessidae,0
627,628,11800,694,1007,12,6,3,22,Empusidae,26
628,629,0,0,0,0,0,0,0,Eremiaphilidae,0
629,630,548427,58584,206820,106,13,9,405,Hymenopodidae,15
630,631,0,0,0,0,0,0,0,Iridopterygidae,0
631,632,6155,1467,6518,7,5,2,31,Liturgusidae,1
632,633,873327,338937,507272,55,24,5,196,Mantidae,32
633,634,0,0,0,0,0,0,0,Mantoididae,0
634,635,0,0,0,0,0,0,0,Metallyticidae,0
635,636,0,0,0,0,0,0,0,Paraoxypilidae,0
636,637,0,0,0,0,0,0,0,Sibyllidae,0
637,638,10907,1436,226,0,1,0,0,Tarachodidae,1
638,639,9188041,220332,655593,465,433,6,3749,Thespidae,500
639,640,0,0,0,0,0,0,0,Toxoderidae,0
640,642,0,0,0,0,0,0,0,Apteropanorpidae,0
641,643,6888,159,20872,14,10,1,183,Bittacidae,1
642,644,25,59,77,0,0,0,6,Boreidae,1
643,645,0,0,0,0,0,0,0,Choristidae,0
644,646,13939,440,4936,17,0,0,68,Meropeidae,1
645,647,0,0,0,0,0,0,0,Nannochoristidae,0
646,648,8034,614,12460,0,1,0,3,Panorpidae,1
647,649,0,0,0,0,0,0,0,Panorpodidae,0
648,650,41494,8729,18718,4,6,0,39,Corydalidae,7
649,651,20085,1420,1568,2,2,1,10,Sialidae,5
650,652,156156,4881,10304,0,10,0,34,Ascalaphidae,16
651,653,27120,497,562,0,1,0,0,Berothidae,1
652,654,295839,10472,210692,21,21,7,234,Chrysopidae,28
653,655,49143,500,1686,0,1,0,2,Coniopterygidae,3
654,656,49326,6959,4780,6,1,0,20,Hemerobiidae,5
655,657,38375,3,4226,0,0,0,0,Ithonidae,3
656,658,237745,11854,112965,80,32,17,640,Mantispidae,21
657,659,145125,6728,132344,45,25,6,529,Myrmeleontidae,20
658,660,12712,3597,5209,1,3,0,18,Nemopteridae,4
659,661,72,41,40,0,1,0,0,Nevrorthidae,1
660,662,353,388,378,0,0,0,1,Nymphidae,1
661,663,35897,1251,13183,3,1,0,14,Osmylidae,3
662,664,0,0,0,0,0,0,0,Polystoechotidae,0
663,665,0,0,0,0,0,0,0,Psychopsidae,0
664,666,8019,371,3311,6,0,0,22,Sisyridae,1
665,667,47483,2914,2487,2,0,0,13,Aeshnidae,4
666,668,0,0,0,0,0,0,0,Austropetaliidae,0
667,669,0,0,0,0,0,0,0,Chlorogomphidae,0
668,670,7694,162,175,0,1,0,0,Cordulegastridae,1
669,671,0,0,0,0,0,0,0,Corduliidae,0
670,672,67208,41,3963,0,0,0,0,Gomphidae,4
671,673,15997002,663068,1028457,10,210,2,517,Libellulidae,500
672,674,65414,2,308,0,0,0,0,Macromiidae,2
673,675,0,0,0,0,0,0,0,Neopetaliidae,0
674,676,10801,5021,471,0,12,0,14,Petaluridae,34
675,677,1425,1,448,15,3,0,30,Synthemistidae,1
676,678,0,0,0,0,0,0,0,Epiophlebiidae,0
677,679,0,0,0,0,0,0,0,Amphyipterygidae,0
678,680,44208,361,7356,15,0,1,62,Calopterygidae,5
679,681,33055,0,83,0,0,0,0,Chlorocyphidae,1
680,682,0,0,0,0,0,0,0,Chorismagrionidae,0
681,683,55193,3501,5306,1,2,0,4,Coenagrionidae,10
682,684,0,0,0,0,0,0,0,Dicteriadidae,0
683,685,0,0,0,0,0,0,0,Diphlebiidae,0
684,686,0,0,0,0,0,0,0,Euphaeidae,0
685,687,0,0,0,0,0,0,0,Hemiphlebiidae,0
686,688,3142633,25170,39091,6,59,0,136,Isostictidae,76
687,689,8812,464,998,0,0,0,1,Lestidae,2
688,690,0,0,0,0,0,0,0,Megapodagrionidae,0
689,691,0,0,0,0,0,0,0,Perilestidae,0
690,692,45757,1671,4582,0,1,0,0,Platycnemididae,4
691,693,0,0,0,0,0,0,0,Platystictidae,0
692,694,0,0,0,0,0,0,0,Polythoridae,0
693,695,0,0,0,0,0,0,0,Protoneuridae,0
694,696,0,0,0,0,0,0,0,Pseudolestidae,0
695,697,0,0,0,0,0,0,0,Pseudostigmatidae,0
696,698,4406,232,499,0,0,0,0,Synlestidae,1
697,699,374973,50511,103372,29,16,3,139,Acrididae,33
698,700,0,0,0,0,0,0,0,Chorotypidae,0
699,701,0,0,0,0,0,0,0,Cylindrachetidae,0
700,702,0,0,0,0,0,0,0,Episactidae,0
701,703,34298,2457,892532,35,2,0,64,Eumastacidae,8
702,704,0,0,0,0,0,0,0,Euschmidtiidae,0
703,705,0,0,0,0,0,0,0,Lentulidae,0
704,706,3156,1606,1361,2,2,0,10,Pamphagidae,2
705,707,0,0,0,0,0,0,0,Pneumoridae,0
706,708,24407,947,21047,0,6,0,28,Proscopiidae,8
707,709,145278,2420,2972,0,0,0,1,Pyrgomorphidae,7
708,710,0,0,0,0,0,0,0,Rhipipterygidae,0
709,711,10979,4194,43394,23,10,2,230,Romaleidae,5
710,712,0,0,0,0,0,0,0,Tanaoceridae,0
711,713,13961,1231,10072,18,2,1,109,Tetrigidae,5
712,714,0,0,0,0,0,0,0,Thericleidae,0
713,715,0,0,0,0,0,0,0,Tridactylidae,0
714,716,2961,2029,9989,26,5,1,200,Trigonopterygidae,2
715,717,0,0,0,0,0,0,0,Xyronotidae,0
716,718,64531,63,10269,1,0,0,2,Anostostomatidae,3
717,719,2803,576,9632,8,1,0,77,Gryllacrididae,1
718,720,3036362,26086,13582,1,7,2,47,Gryllidae,29
719,721,182439,5768,298851,1,3,1,36,Gryllotalpidae,8
720,722,0,0,0,0,0,0,0,Myrmecophilidae,0
721,723,0,0,0,0,0,0,0,Prophalangopsidae,0
722,724,33611,358,192,0,0,0,0,Rhaphidophoridae,2
723,725,1798389,123525,198728,11,3,0,36,Stenopelmatidae,22
724,726,334668,11064,30969,15,13,1,65,Tettigoniidae,29
725,727,0,0,0,0,0,0,0,Agathemeridae,0
726,728,0,0,0,0,0,0,0,Aschiphasmatidae,0
727,729,0,0,0,0,0,0,0,Bacillidae,0
728,730,13067,2669,2197,1,0,0,6,Diapheromeridae,3
729,731,715,195,28,0,0,0,1,Heteronemiidae,1
730,732,0,0,0,0,0,0,0,Heteropterygidae,0
731,733,124482,3945,6400,1,3,0,5,Phasmatidae,8
732,734,208029,37282,714253,287,13,14,1394,Phylliidae,16
733,735,6993,281,8347,4,2,0,11,Pseudophasmatidae,1
734,736,0,0,0,0,0,0,0,Timematidae,0
735,737,0,0,0,0,0,0,0,Boopidae,0
736,738,49121,840,23819,0,0,0,12,Echinophthiriidae,1
737,739,0,0,0,0,0,0,0,Gyropidae,0
738,740,0,0,0,0,0,0,0,Haematomyzidae,0
739,741,0,0,0,0,0,0,0,Heptapsogasteridae,0
740,742,0,0,0,0,0,0,0,Hoplopleuridae,0
741,743,0,0,0,0,0,0,0,Laemobothriidae,0
742,744,0,0,0,0,0,0,0,Linognathidae,0
743,745,0,0,0,0,0,0,0,Menoponidae,0
744,746,0,0,0,0,0,0,0,Pedicinidae,0
745,747,748691,1090,5768,16,2,0,17,Pediculidae,4
746,748,84597,3379,18427,7,0,1,15,Philopteridae,5
747,749,0,0,0,0,0,0,0,Polyplacidae,0
748,750,0,0,0,0,0,0,0,Pthiridae,0
749,751,0,0,0,0,0,0,0,Ricinidae,0
750,752,0,0,0,0,0,0,0,Trichodectidae,0
751,753,318,94,235,0,0,0,1,Austroperlidae,1
752,754,160776,3339,1561,0,1,0,3,Capniidae,1
753,755,48682969,129879,2723996,5,1,0,35,Chloroperlidae,11
754,756,74,40,204,0,1,0,1,Diamphipnoidae,1
755,757,0,0,0,0,0,0,0,Eustheniidae,0
756,758,643,2094,672,0,0,0,2,Gripopterygidae,2
757,759,89836,3584,9821,2,1,0,16,Leuctridae,10
758,760,105993,1914,10514,3,1,0,31,Nemouridae,8
759,761,0,0,0,0,0,0,0,Notonemouridae,0
760,762,47,25,3,0,0,0,0,Peltoperlidae,1
761,763,707623,20056,21261,2,3,0,10,Perlidae,52
762,764,42406,693,5460,0,0,0,1,Perlodidae,3
763,765,0,0,0,0,0,0,0,Pteronarcyidae,0
764,766,0,0,0,0,0,0,0,Scopuridae,0
765,767,0,0,0,0,0,0,0,Styloperlidae,0
766,768,30443,3,3857,0,0,0,0,Taeniopterygidae,2
767,769,0,0,0,0,0,0,0,Acerentomidae,0
768,770,0,0,0,0,0,0,0,Berberentomidae,0
769,771,40651,0,184,0,0,0,0,Eosentomidae,1
770,772,0,0,0,0,0,0,0,Fujientomidae,0
771,773,0,0,0,0,0,0,0,Hesperentomidae,0
772,774,0,0,0,0,0,0,0,Sinentomidae,0
773,775,0,0,0,0,0,0,0,Amphientomidae,0
774,776,0,0,0,0,0,0,0,Amphipsocidae,0
775,777,0,0,0,0,0,0,0,Archipsocidae,0
776,778,0,0,0,0,0,0,0,Asiopsocidae,0
777,779,0,0,0,0,0,0,0,Caeciliusidae,0
778,780,0,0,0,0,0,0,0,Calopsocidae,0
779,781,0,0,0,0,0,0,0,Compsocidae,0
780,782,0,0,0,0,0,0,0,Dasydemellidae,0
781,783,0,0,0,0,0,0,0,Ectopsocidae,0
782,784,0,0,0,0,0,0,0,Electrentomidae,0
783,785,0,0,0,0,0,0,0,Elipsocidae,0
784,786,0,0,0,0,0,0,0,Epipsocidae,0
785,787,0,0,0,0,0,0,0,Hemipsocidae,0
786,788,0,0,0,0,0,0,0,Lachesillidae,0
787,789,0,0,0,0,0,0,0,Lepidopsocidae,0
788,790,0,0,0,0,0,0,0,Liposcelididae,0
789,791,0,0,0,0,0,0,0,Mesopsocidae,0
790,792,0,0,0,0,0,0,0,Musapsocidae,0
791,793,0,0,0,0,0,0,0,Myopsocidae,0
792,794,0,0,0,0,0,0,0,Pachytroctidae,0
793,795,0,0,0,0,0,0,0,Peripsocidae,0
794,796,0,0,0,0,0,0,0,Philotarsidae,0
795,797,0,0,0,0,0,0,0,Prionoglarididae,0
796,798,0,0,0,0,0,0,0,Pseudocaeciliidae,0
797,799,0,0,0,0,0,0,0,Psilopsocidae,0
798,800,36108,9009,9001,0,1,0,1,Psocidae,1
799,801,0,0,0,0,0,0,0,Psoquillidae,0
800,802,0,0,0,0,0,0,0,Psyllipsocidae,0
801,803,0,0,0,0,0,0,0,Sphaeropsocidae,0
802,804,0,0,0,0,0,0,0,Stenopsocidae,0
803,805,0,0,0,0,0,0,0,Trichopsocidae,0
804,806,0,0,0,0,0,0,0,Troctopsocidae,0
805,807,0,0,0,0,0,0,0,Trogiidae,0
806,808,0,0,0,0,0,0,0,Inocelliidae,0
807,809,78005,2521,12879,0,0,0,2,Raphidiidae,3
808,810,0,0,0,0,0,0,0,Ceratophyllidae,0
809,811,0,0,0,0,0,0,0,Chimaeropsyllidae,0
810,812,0,0,0,0,0,0,0,Coptopsyllidae,0
811,813,0,0,0,0,0,0,0,Ctenophthalmidae,0
812,814,0,0,0,0,0,0,0,Hystrichopsyllidae,0
813,815,0,0,0,0,0,0,0,Ischnopsyllidae,0
814,816,0,0,0,0,0,0,0,Leptopsyllidae,0
815,817,0,0,0,0,0,0,0,Lycopsyllidae,0
816,818,0,0,0,0,0,0,0,Macropsyllidae,0
817,819,0,0,0,0,0,0,0,Pulicidae,0
818,820,0,0,0,0,0,0,0,Pygiopsyllidae,0
819,821,0,0,0,0,0,0,0,Rhopalopsyllidae,0
820,822,0,0,0,0,0,0,0,Stephanocircidae,0
821,823,0,0,0,0,0,0,0,Stivaliidae,0
822,824,0,0,0,0,0,0,0,Vermipsyllidae,0
823,826,0,0,0,0,0,0,0,Aeolothripidae,0
824,827,0,0,0,0,0,0,0,Heterothripidae,0
825,828,44421,4159,5993,0,0,0,0,Phlaeothripidae,3
826,829,146823,1115,1042,0,0,0,2,Thripidae,5
827,830,0,0,0,0,0,0,0,Anomalopsychidae,0
828,831,0,0,0,0,0,0,0,Apataniidae,0
829,832,0,0,0,0,0,0,0,Atriplectididae,0
830,833,0,0,0,0,0,0,0,Beraeidae,0
831,834,0,0,0,0,0,0,0,Brachycentridae,0
832,835,98277,1179,4389,2,2,3,11,Calamoceratidae,4
833,836,0,0,0,0,0,0,0,Calocidae,0
834,837,0,0,0,0,0,0,0,Chathamiidae,0
835,838,0,0,0,0,0,0,0,Conoesucidae,0
836,839,0,0,0,0,0,0,0,Dipseudopsidae,0
837,840,0,0,0,0,0,0,0,Ecnomidae,0
838,841,13481,2857,2741,1,1,0,1,Glossosomatidae,1
839,842,0,0,0,0,0,0,0,Goeridae,0
840,843,0,0,0,0,0,0,0,Helicophidae,0
841,844,13869,1361,489,1,1,0,1,Helicopsychidae,1
842,845,3583,648,544,0,0,0,0,Hydrobiosidae,1
843,846,151628,8488,24099,0,4,2,6,Hydropsychidae,4
844,847,35294,659,3003,0,1,0,4,Hydroptilidae,3
845,848,0,0,0,0,0,0,0,Hydrosalpingidae,0
846,849,0,0,0,0,0,0,0,Kokiriidae,0
847,850,11048,406,399,0,0,0,5,Lepidostomatidae,1
848,851,65919,2760,8934,0,1,0,2,Leptoceridae,7
849,852,312146,5712,156949,6,8,1,36,Limnephilidae,7
850,853,0,0,0,0,0,0,0,Limnocentropodidae,0
851,854,0,0,0,0,0,0,0,Molannidae,0
852,855,30443,3,3857,0,0,0,0,Odontoceridae,2
853,856,0,0,0,0,0,0,0,Oeconesidae,0
854,857,0,0,0,0,0,0,0,Philopotamidae,0
855,858,0,0,0,0,0,0,0,Philorheithridae,0
856,859,14427,2798,1857,0,3,0,2,Phryganeidae,3
857,860,0,0,0,0,0,0,0,Phryganopsychidae,0
858,861,0,0,0,0,0,0,0,Pisuliidae,0
859,862,0,0,0,0,0,0,0,Polycentropodidae,0
860,863,2376,398,897,1,1,1,2,Psychomyiidae,1
861,864,0,0,0,0,0,0,0,Rhyacophilidae,0
862,865,0,0,0,0,0,0,0,Sericostomatidae,0
863,866,0,0,0,0,0,0,0,Stenopsychidae,0
864,867,0,0,0,0,0,0,0,Tasimiidae,0
865,868,0,0,0,0,0,0,0,Uenoidae,0
866,869,0,0,0,0,0,0,0,Xiphocentronidae,0
867,870,19275,2692,984,0,2,0,6,Zoraptera,2
868,871,0,0,0,0,0,0,0,Lepidotrichidae,0
869,872,34405,598,46471,0,1,0,5,Lepismatidae,1
870,873,7198,2,136,0,0,0,0,Nicoletiidae,1
871,874,1825,127,62,0,1,0,1,Grylloblattidae,2
872,875,259175,3180,9223,2,5,0,16,Mantophasmatodea,6
873,876,385662,21044,35326,33,23,5,171,Strepsiptera,30
